Dates,XBTUSD Curncy
6/23/2025,102390.51
6/20/2025,103721.91
6/19/2025,104297.01
6/18/2025,104836.11
6/17/2025,104392.11
6/16/2025,108833.22
6/13/2025,105472.51
6/12/2025,106012.81
6/11/2025,108933.11
6/10/2025,109979.61
6/9/2025,108770.01
6/6/2025,104574.41
6/5/2025,100503.81
6/4/2025,104668.31
6/3/2025,105810.72
6/2/2025,104931.91
5/30/2025,104597.81
5/29/2025,106179.22
5/28/2025,107335.72
5/27/2025,109615.91
5/26/2025,109619.22
5/23/2025,108261.31
5/22/2025,111092.22
5/21/2025,108282.41
5/20/2025,106953.22
5/19/2025,105485.91
5/16/2025,103712.31
5/15/2025,103463.61
5/14/2025,103573.61
5/13/2025,104599.51
5/12/2025,102693.31
5/9/2025,103195.81
5/8/2025,102616.61
5/7/2025,96794.09
5/6/2025,94701.79
5/5/2025,94240.37
5/2/2025,97063.65
5/1/2025,96463.2
4/30/2025,94581.18
4/29/2025,94873.95
4/28/2025,94506.03
4/25/2025,94966.87
4/24/2025,93454.23
4/23/2025,93686.03
4/22/2025,91177.46
4/21/2025,87354.6
4/18/2025,84501.93
4/17/2025,85139.14
4/16/2025,84308.09
4/15/2025,84016.48
4/14/2025,84848.06
4/11/2025,83820.6
4/10/2025,79879.18
4/9/2025,83173.76
4/8/2025,77052.89
4/7/2025,78923.14
4/4/2025,84129.73
4/3/2025,82315.85
4/2/2025,85653.54
4/1/2025,85243.64
3/31/2025,82421.29
3/28/2025,83758.98
3/27/2025,87309.14
3/26/2025,87286.31
3/25/2025,87897.82
3/24/2025,87879.82
3/21/2025,84183.37
3/20/2025,84504.07
3/19/2025,85377.85
3/18/2025,82031.45
3/17/2025,83958.01
3/14/2025,84154.04
3/13/2025,80323.17
3/12/2025,83107.01
3/11/2025,82785.57
3/10/2025,79272.09
3/7/2025,86282.15
3/6/2025,89842.68
3/5/2025,90375.01
3/4/2025,87499.37
3/3/2025,85314.51
2/28/2025,84212.07
2/27/2025,84285.18
2/26/2025,84470.18
2/25/2025,88701.92
2/24/2025,93957.79
2/21/2025,95325.37
2/20/2025,98131.18
2/19/2025,96315.42
2/18/2025,95008.45
2/17/2025,96417.79
2/14/2025,97503.15
2/13/2025,96491.67
2/12/2025,97663.11
2/11/2025,96376.21
2/10/2025,97402.99
2/7/2025,96019.98
2/6/2025,96811.79
2/5/2025,96935.73
2/4/2025,96530.36
2/3/2025,101934.81
1/31/2025,102110.01
1/30/2025,105059.41
1/29/2025,103751.41
1/28/2025,100287.01
1/27/2025,101341.41
1/24/2025,105111.41
1/23/2025,103131.11
1/22/2025,104071.31
1/21/2025,106788.72
1/20/2025,102494.61
1/17/2025,104640.01
1/16/2025,100135.61
1/15/2025,99678.9
1/14/2025,96434.37
1/13/2025,94171.43
1/10/2025,94620.17
1/9/2025,92106.9
1/8/2025,94457.9
1/7/2025,96478.53
1/6/2025,101661.91
1/3/2025,98243.4
1/2/2025,97123.79
1/1/2025,94771.56
12/31/2024,93714.04
12/30/2024,91918.95
12/27/2024,94400.07
12/26/2024,95696.78
12/25/2024,98428.04
12/24/2024,98322.95
12/23/2024,93847.37
12/20/2024,96557.17
12/19/2024,97327.84
12/18/2024,100950.51
12/17/2024,106407.51
12/16/2024,106075.01
12/13/2024,101342.01
12/12/2024,99787.04
12/11/2024,101612.51
12/10/2024,96911.36
12/9/2024,96935.04
12/6/2024,100566.11
12/5/2024,99029.87
12/4/2024,97876.14
12/3/2024,96086.07
12/2/2024,95419.96
11/29/2024,97460.39
11/28/2024,95132.86
11/27/2024,96400.51
11/26/2024,91651.14
11/25/2024,93714.51
11/22/2024,99420.01
11/21/2024,98084.99
11/20/2024,94463.65
11/19/2024,92306.2
11/18/2024,91370.51
11/15/2024,91740.37
11/14/2024,88213.6
11/13/2024,88633.92
11/12/2024,88320.23
11/11/2024,88014.53
11/8/2024,76529.92
11/7/2024,75959.78
11/6/2024,75959.32
11/5/2024,69162.79
11/4/2024,67086.01
11/1/2024,69195.41
10/31/2024,69937.51
10/30/2024,72834.6
10/29/2024,72310.41
10/28/2024,69610.57
10/25/2024,66768.48
10/24/2024,68149.93
10/23/2024,66586.37
10/22/2024,67498.07
10/21/2024,67721.2
10/18/2024,68419.6
10/17/2024,66934.03
10/16/2024,67620.07
10/15/2024,66480.39
10/14/2024,65906.29
10/11/2024,63002.15
10/10/2024,59728.65
10/9/2024,60393.26
10/8/2024,62348.77
10/7/2024,63009.26
10/4/2024,62420.23
10/3/2024,60776.03
10/2/2024,60905.21
10/1/2024,60786.64
9/30/2024,63785.09
9/27/2024,65813.57
9/26/2024,64678.85
9/25/2024,63488.74
9/24/2024,64227.01
9/23/2024,63317.34
9/20/2024,62823.51
9/19/2024,63042.1
9/18/2024,60232.24
9/17/2024,60137.4
9/16/2024,57668.86
9/13/2024,59878.39
9/12/2024,58194.64
9/11/2024,57495.02
9/10/2024,57575.28
9/9/2024,57021.01
9/6/2024,52856.51
9/5/2024,56074.06
9/4/2024,58043.68
9/3/2024,58213.26
9/2/2024,59003.52
8/30/2024,59045.4
8/29/2024,59532.78
8/28/2024,59347.96
8/27/2024,61853.2
8/26/2024,63448.51
8/23/2024,63685.64
8/22/2024,60683.46
8/21/2024,61246.11
8/20/2024,59310.72
8/19/2024,59103.84
8/16/2024,59299.16
8/15/2024,56681.01
8/14/2024,59157.9
8/13/2024,60587.07
8/12/2024,58856.37
8/9/2024,60776.95
8/8/2024,59537.8
8/7/2024,55154.01
8/6/2024,56571.57
8/5/2024,54395.26
8/2/2024,62551.57
8/1/2024,64694.03
7/31/2024,64559.96
7/30/2024,66174.57
7/29/2024,67367.26
7/26/2024,67448.64
7/25/2024,65275.46
7/24/2024,66042.98
7/23/2024,65854.09
7/22/2024,68147.89
7/19/2024,66985.87
7/18/2024,63818.99
7/17/2024,64523.61
7/16/2024,64695.41
7/15/2024,63779.01
7/12/2024,57558.83
7/11/2024,57553.71
7/10/2024,57404.96
7/9/2024,57928.24
7/8/2024,56258.41
7/5/2024,56354.49
7/4/2024,58329.01
7/3/2024,59542.7
7/2/2024,61922.42
7/1/2024,63236.01
6/28/2024,60118.16
6/27/2024,61418.85
6/26/2024,60954.51
6/25/2024,61914.64
6/24/2024,59474.74
6/21/2024,64168.01
6/20/2024,65060.38
6/19/2024,64851.51
6/18/2024,64891.21
6/17/2024,66375.54
6/14/2024,65734.85
6/13/2024,66676.76
6/12/2024,68083.66
6/11/2024,67280.16
6/10/2024,69608.6
6/7/2024,69270.57
6/6/2024,70688.73
6/5/2024,71216.04
6/4/2024,70422.79
6/3/2024,69097.7
5/31/2024,67630.41
5/30/2024,68469.51
5/29/2024,67410.37
5/28/2024,68241.51
5/27/2024,69590.89
5/24/2024,68849.43
5/23/2024,67753.41
5/22/2024,69411.32
5/21/2024,69711.51
5/20/2024,69522.56
5/17/2024,66926.64
5/16/2024,65279.32
5/15/2024,65981.66
5/14/2024,61579.46
5/13/2024,63089.33
5/10/2024,60501.2
5/9/2024,62633.68
5/8/2024,61568.87
5/7/2024,62973.05
5/6/2024,63301.55
5/3/2024,62928.89
5/2/2024,58743.14
5/1/2024,57293.55
4/30/2024,59868.89
4/29/2024,62943.49
4/26/2024,63939.27
4/25/2024,64796.69
4/24/2024,64049.7
4/23/2024,66353.7
4/22/2024,66538.41
4/19/2024,64071.26
4/18/2024,63528.51
4/17/2024,60855.27
4/16/2024,63039.97
4/15/2024,63152.49
4/12/2024,67127.64
4/11/2024,70509.59
4/10/2024,69807.51
4/9/2024,69127.2
4/8/2024,71706.37
4/5/2024,67660.41
4/4/2024,67948.37
4/3/2024,65742.2
4/2/2024,65702.14
4/1/2024,69767.89
3/29/2024,69654.16
3/28/2024,70712.89
3/27/2024,68862.16
3/26/2024,69825.01
3/25/2024,70959.89
3/22/2024,63509.03
3/21/2024,65466.78
3/20/2024,67078.54
3/19/2024,63749.51
3/18/2024,67352.39
3/15/2024,67859.14
3/14/2024,70681.39
3/13/2024,73157.29
3/12/2024,71063.39
3/11/2024,72115.85
3/8/2024,68398.85
3/7/2024,67332.89
3/6/2024,66481.26
3/5/2024,63330.43
3/4/2024,67494.73
3/1/2024,62589.24
2/29/2024,61430.64
2/28/2024,60550.68
2/27/2024,56731.14
2/26/2024,54656.39
2/23/2024,50981.2
2/22/2024,51650.63
2/21/2024,51388.56
2/20/2024,52037.65
2/19/2024,51906.55
2/16/2024,52016.4
2/15/2024,51371.31
2/14/2024,51772.71
2/13/2024,49563.06
2/12/2024,49843.24
2/9/2024,47547.04
2/8/2024,45331.74
2/7/2024,44188.33
2/6/2024,43163.65
2/5/2024,42342.38
2/2/2024,42979.38
2/1/2024,43085.26
1/31/2024,42458.43
1/30/2024,43547.31
1/29/2024,43185.4
1/26/2024,41994.36
1/25/2024,39904.41
1/24/2024,39765.38
1/23/2024,39201.77
1/22/2024,39815.45
1/19/2024,41602.18
1/18/2024,41069.92
1/17/2024,42637.06
1/16/2024,43434.42
1/15/2024,42687.31
1/12/2024,43426.6
1/11/2024,46163.13
1/10/2024,45945.61
1/9/2024,45427.01
1/8/2024,47114.68
1/5/2024,43970.52
1/4/2024,44488.33
1/3/2024,42938.06
1/2/2024,45127.01
1/1/2024,43628.4
12/29/2023,41935.34
12/28/2023,42472.51
12/27/2023,43395.74
12/26/2023,42340.74
12/25/2023,43531.11
12/22/2023,43747.1
12/21/2023,44004.47
12/20/2023,43449.76
12/19/2023,42495.81
12/18/2023,42614.99
12/15/2023,42240.95
12/14/2023,42994.83
12/13/2023,42993.29
12/12/2023,41088.75
12/11/2023,41182
12/8/2023,44554.76
12/7/2023,43390.95
12/6/2023,43822.33
12/5/2023,43900.51
12/4/2023,42036.51
12/1/2023,38796.61
11/30/2023,37750.77
11/29/2023,37737
11/28/2023,37967.5
11/27/2023,37032.56
11/24/2023,37858.25
11/23/2023,37253.9
11/22/2023,37625
11/21/2023,36841.04
11/20/2023,37426.45
11/17/2023,36418.61
11/16/2023,35965.5
11/15/2023,37647.84
11/14/2023,35585.81
11/13/2023,36493.45
11/10/2023,37292.81
11/9/2023,36541.56
11/8/2023,35593.56
11/7/2023,35501.52
11/6/2023,35030.04
11/3/2023,34621.06
11/2/2023,34917.45
11/1/2023,35455.73
10/31/2023,34650.56
10/30/2023,34439.91
10/27/2023,33836.54
10/26/2023,34191.55
10/25/2023,34680.57
10/24/2023,33651.38
10/23/2023,31537.58
10/20/2023,29601
10/19/2023,28728.04
10/18/2023,28260
10/17/2023,28459.42
10/16/2023,28405.38
10/13/2023,26976.51
10/12/2023,26737.69
10/11/2023,26717.11
10/10/2023,27405.48
10/9/2023,27576.46
10/6/2023,27995.25
10/5/2023,27479
10/4/2023,27659.68
10/3/2023,27396.6
10/2/2023,27842.16
9/29/2023,26903.18
9/28/2023,27089.32
9/27/2023,26238.72
9/26/2023,26148.13
9/25/2023,26289.25
9/22/2023,26537.68
9/21/2023,26601.66
9/20/2023,27094.68
9/19/2023,27192
9/18/2023,26774.69
9/15/2023,26418.35
9/14/2023,26578.75
9/13/2023,26225.8
9/12/2023,26074.38
9/11/2023,25087.36
9/8/2023,25902
9/7/2023,26002
9/6/2023,25669.79
9/5/2023,25705.85
9/4/2023,25828.28
9/1/2023,25759.54
8/31/2023,26013.12
8/30/2023,27253.38
8/29/2023,27579.74
8/28/2023,25981.81
8/25/2023,26048.87
8/24/2023,26016.62
8/23/2023,26591.76
8/22/2023,25856.99
8/21/2023,26109.71
8/18/2023,26071.78
8/17/2023,27642
8/16/2023,28940.39
8/15/2023,29171.58
8/14/2023,29366.8
8/11/2023,29387.01
8/10/2023,29421.05
8/9/2023,29483.38
8/8/2023,29984.24
8/7/2023,29159.17
8/4/2023,28937.67
8/3/2023,29284.99
8/2/2023,29119.79
8/1/2023,29212.88
7/31/2023,29206.8
7/28/2023,29342.44
7/27/2023,29143.93
7/26/2023,29589.43
7/25/2023,29229.74
7/24/2023,29145.13
7/21/2023,29883.66
7/20/2023,29737.02
7/19/2023,29966.89
7/18/2023,29784.08
7/17/2023,29931.93
7/14/2023,30206
7/13/2023,31386
7/12/2023,30351.84
7/11/2023,30578.75
7/10/2023,30785.96
7/7/2023,30272.41
7/6/2023,30315.91
7/5/2023,30470.54
7/4/2023,30807.48
7/3/2023,31128.76
6/30/2023,30390.91
6/29/2023,30400.46
6/28/2023,30104.08
6/27/2023,30655.23
6/26/2023,30163.13
6/23/2023,30928.74
6/22/2023,30157.31
6/21/2023,29985.4
6/20/2023,28169.64
6/19/2023,26718.39
6/16/2023,26394.71
6/15/2023,25547.99
6/14/2023,24928.57
6/13/2023,25849.13
6/12/2023,25895
6/9/2023,26444.43
6/8/2023,26645.5
6/7/2023,26363.47
6/6/2023,26945.16
6/5/2023,25641.7
6/2/2023,27183.62
6/1/2023,26868.32
5/31/2023,27117.1
5/30/2023,27772.51
5/29/2023,27693.13
5/26/2023,26759.28
5/25/2023,26490.2
5/24/2023,26401.81
5/23/2023,27223.3
5/22/2023,26899.28
5/19/2023,26839.54
5/18/2023,26726.05
5/17/2023,27337.78
5/16/2023,26956.57
5/15/2023,27354.85
5/12/2023,26447.7
5/11/2023,27009.45
5/10/2023,27875.64
5/9/2023,27659.74
5/8/2023,27562.71
5/5/2023,29524.75
5/4/2023,28884.06
5/3/2023,28528.95
5/2/2023,28695.82
5/1/2023,27683.13
4/28/2023,29354.75
4/27/2023,29633.43
4/26/2023,28417.5
4/25/2023,27979.6
4/24/2023,27460.55
4/21/2023,27272.1
4/20/2023,28203.91
4/19/2023,29249.26
4/18/2023,30422
4/17/2023,29459.36
4/14/2023,30470.31
4/13/2023,30285.33
4/12/2023,29968.01
4/11/2023,30192.1
4/10/2023,29142.36
4/7/2023,27890.37
4/6/2023,27992.29
4/5/2023,28157.09
4/4/2023,28257.1
4/3/2023,27588.08
3/31/2023,28395.3
3/30/2023,28152.28
3/29/2023,28393
3/28/2023,27313.73
3/27/2023,27048.29
3/24/2023,27618.28
3/23/2023,28333
3/22/2023,27392.32
3/21/2023,28154.56
3/20/2023,28082.46
3/17/2023,26823.38
3/16/2023,24753.63
3/15/2023,24391.4
3/14/2023,24636.25
3/13/2023,24234.19
3/10/2023,20101.78
3/9/2023,20226.09
3/8/2023,22006.5
3/7/2023,22055.35
3/6/2023,22408.87
3/3/2023,22242.64
3/2/2023,23415.5
3/1/2023,23558.34
2/28/2023,23146.88
2/27/2023,23384.87
2/24/2023,23101.79
2/23/2023,23878.02
2/22/2023,23805.88
2/21/2023,24199.85
2/20/2023,24769.17
2/17/2023,24487.25
2/16/2023,24535.46
2/15/2023,24179.13
2/14/2023,22252.63
2/13/2023,21630.92
2/10/2023,21540.9
2/9/2023,21857.43
2/8/2023,22959.05
2/7/2023,23199.48
2/6/2023,22916.21
2/3/2023,23383.51
2/2/2023,23460.05
2/1/2023,23682.05
1/31/2023,22950.56
1/30/2023,22747.14
1/27/2023,23092
1/26/2023,23080.96
1/25/2023,23598.24
1/24/2023,22904.83
1/23/2023,22998.16
1/20/2023,22318.24
1/19/2023,20939.64
1/18/2023,20778.65
1/17/2023,21316.08
1/16/2023,21133.18
1/13/2023,19813.55
1/12/2023,18830.98
1/11/2023,17560.6
1/10/2023,17466.71
1/9/2023,17181.34
1/6/2023,16927.86
1/5/2023,16844.62
1/4/2023,16821.82
1/3/2023,16661.86
1/2/2023,16750.94
12/30/2022,16579.06
12/29/2022,16593.4
12/28/2022,16517.32
12/27/2022,16692.55
12/26/2022,16833.01
12/23/2022,16811.33
12/22/2022,16792.25
12/21/2022,16793.1
12/20/2022,16881.54
12/19/2022,16586.82
12/16/2022,16837.95
12/15/2022,17399.63
12/14/2022,17828.9
12/13/2022,17762
12/12/2022,17177.78
12/9/2022,17113.29
12/8/2022,17184.1
12/7/2022,16830.68
12/6/2022,16994.34
12/5/2022,16972.24
12/2/2022,17014.59
12/1/2022,16929.96
11/30/2022,17104.5
11/29/2022,16460.7
11/28/2022,16196.39
11/25/2022,16497.05
11/24/2022,16543.55
11/23/2022,16471.9
11/22/2022,16130.03
11/21/2022,15631.95
11/18/2022,16637.36
11/17/2022,16680.76
11/16/2022,16531.47
11/15/2022,16890.18
11/14/2022,16385.41
11/11/2022,16757.37
11/10/2022,17807.64
11/9/2022,15731.3
11/8/2022,18698.63
11/7/2022,20683.87
11/4/2022,21135.44
11/3/2022,20238.8
11/2/2022,20175.79
11/1/2022,20479.4
10/31/2022,20405.66
10/28/2022,20635.82
10/27/2022,20399.52
10/26/2022,20752.38
10/25/2022,20189.29
10/24/2022,19382.19
10/21/2022,19181.79
10/20/2022,19030.39
10/19/2022,19196.47
10/18/2022,19367.71
10/17/2022,19529.38
10/14/2022,19177.31
10/13/2022,19386.99
10/12/2022,19169.43
10/11/2022,19019.1
10/10/2022,19241.2
10/7/2022,19551.56
10/6/2022,20051.13
10/5/2022,19988.42
10/4/2022,20340.91
10/3/2022,19597.13
9/30/2022,19425.13
9/29/2022,19508.14
9/28/2022,19567.79
9/27/2022,19072.71
9/26/2022,19113.38
9/23/2022,18852.06
9/22/2022,19247.72
9/21/2022,18926.45
9/20/2022,18974.31
9/19/2022,19522.21
9/16/2022,19751.07
9/15/2022,19852.49
9/14/2022,19946.38
9/13/2022,20240.4
9/12/2022,22409.58
9/9/2022,21300.3
9/8/2022,19379.74
9/7/2022,19387.15
9/6/2022,18978.5
9/5/2022,19742.13
9/2/2022,19969.21
9/1/2022,20071.34
8/31/2022,20196.67
8/30/2022,19975.94
8/29/2022,20177.32
8/26/2022,20650.41
8/25/2022,21647.93
8/24/2022,21692.74
8/23/2022,21477.74
8/22/2022,21124.4
8/19/2022,21274.36
8/18/2022,23416.76
8/17/2022,23407.4
8/16/2022,23984.02
8/15/2022,24074.01
8/12/2022,24240.76
8/11/2022,24216.28
8/10/2022,23904.94
8/9/2022,23144.84
8/8/2022,24072.39
8/5/2022,22985.34
8/4/2022,22513.58
8/3/2022,23327.08
8/2/2022,23029.66
8/1/2022,23129.11
7/29/2022,23951.94
7/28/2022,24033.74
7/27/2022,22784.97
7/26/2022,20985.62
7/25/2022,22171.68
7/22/2022,22605.38
7/21/2022,23123.88
7/20/2022,23258.12
7/19/2022,23304.71
7/18/2022,21487.97
7/15/2022,20926.53
7/14/2022,20667.93
7/13/2022,19657.01
7/12/2022,19443.28
7/11/2022,20409.54
7/8/2022,21846.53
7/7/2022,21610.58
7/6/2022,20380
7/5/2022,20441.63
7/4/2022,19755.85
7/1/2022,19406.69
6/30/2022,18731.3
6/29/2022,20197.75
6/28/2022,20247.7
6/27/2022,20898.65
6/24/2022,21183.82
6/23/2022,20795.38
6/22/2022,19857.05
6/21/2022,20838.45
6/20/2022,20427.23
6/17/2022,20630.54
6/16/2022,20677.24
6/15/2022,21640.29
6/14/2022,21966.38
6/13/2022,23209.61
6/10/2022,29177.39
6/9/2022,30161.34
6/8/2022,30179.77
6/7/2022,31330.81
6/6/2022,31438.72
6/3/2022,29640.5
6/2/2022,30225.18
6/1/2022,29621.61
5/31/2022,31788.28
5/30/2022,31257.74
5/27/2022,28728.9
5/26/2022,29437.55
5/25/2022,29764.46
5/24/2022,29438.3
5/23/2022,29314.55
5/20/2022,29117.13
5/19/2022,30231.08
5/18/2022,29205.89
5/17/2022,30077.8
5/16/2022,29908.75
5/13/2022,29760.13
5/12/2022,28546.25
5/11/2022,28402.78
5/10/2022,31000.83
5/9/2022,30959.3
5/6/2022,36077.29
5/5/2022,36456.02
5/4/2022,39800.33
5/3/2022,37784.82
5/2/2022,38312.41
4/29/2022,38560.04
4/28/2022,39889.27
4/27/2022,39106.93
4/26/2022,38123.52
4/25/2022,40186.18
4/22/2022,39621.31
4/21/2022,40615.45
4/20/2022,41430.79
4/19/2022,41297.9
4/18/2022,40673.67
4/15/2022,40404.52
4/14/2022,39915.93
4/13/2022,41254.52
4/12/2022,39534.08
4/11/2022,39846.47
4/8/2022,42815.77
4/7/2022,43577.22
4/6/2022,43885.38
4/5/2022,45868.99
4/4/2022,46311.76
4/1/2022,46168.58
3/31/2022,45767.58
3/30/2022,47277.24
3/29/2022,47486.26
3/28/2022,47967.56
3/25/2022,44577.76
3/24/2022,43895.65
3/23/2022,42368.58
3/22/2022,42606.24
3/21/2022,41136.88
3/18/2022,41755.9
3/17/2022,40724.56
3/16/2022,41258.79
3/15/2022,39441.9
3/14/2022,38725.24
3/11/2022,38860.7
3/10/2022,39329.95
3/9/2022,41893.74
3/8/2022,38506.43
3/7/2022,37839.36
3/4/2022,39393.7
3/3/2022,42096.97
3/2/2022,44090.72
3/1/2022,43900.24
2/28/2022,41654.97
2/25/2022,38994.5
2/24/2022,38414.95
2/23/2022,37543.5
2/22/2022,37893.47
2/21/2022,37076.09
2/18/2022,39991.9
2/17/2022,40699.63
2/16/2022,44092.86
2/15/2022,43999.15
2/14/2022,42249.01
2/11/2022,42563.24
2/10/2022,43776.42
2/9/2022,44497.51
2/8/2022,44230.11
2/7/2022,44102.99
2/4/2022,40647.25
2/3/2022,36964.58
2/2/2022,36936.93
2/1/2022,38813.82
1/31/2022,38437.84
1/28/2022,37807.95
1/27/2022,36198.95
1/26/2022,36356.7
1/25/2022,36579.75
1/24/2022,36828.36
1/21/2022,36692.38
1/20/2022,41326.77
1/19/2022,41724.22
1/18/2022,42395.22
1/17/2022,41743.99
1/14/2022,43321.7
1/13/2022,42828.59
1/12/2022,43793.81
1/11/2022,42687.27
1/10/2022,41729.31
1/7/2022,41881.75
1/6/2022,43120.88
1/5/2022,43603.88
1/4/2022,46220.42
1/3/2022,45997.26
12/31/2021,46333.65
12/30/2021,47298.35
12/29/2021,47232.15
12/28/2021,47561.31
12/27/2021,50989.1
12/24/2021,50908.79
12/23/2021,50849.2
12/22/2021,49073.95
12/21/2021,49106.42
12/20/2021,46987.56
12/17/2021,46873.03
12/16/2021,48111.68
12/15/2021,49192.58
12/14/2021,48310.62
12/13/2021,46828.95
12/10/2021,47952.18
12/9/2021,47997.76
12/8/2021,50635.11
12/7/2021,50527.72
12/6/2021,50120.56
12/3/2021,53655.27
12/2/2021,56903.45
12/1/2021,57029.49
11/30/2021,57138.67
11/29/2021,58316.89
11/26/2021,54019.74
11/25/2021,58855.15
11/24/2021,57331.67
11/23/2021,57709.14
11/22/2021,56278.01
11/19/2021,57869.63
11/18/2021,57595.39
11/17/2021,60117.19
11/16/2021,60488.5
11/15/2021,63899.88
11/12/2021,64100.68
11/11/2021,65069.89
11/10/2021,64293.61
11/9/2021,67734.04
11/8/2021,66138.54
11/5/2021,60976.2
11/4/2021,61365.05
11/3/2021,62776.06
11/2/2021,63141.03
11/1/2021,60727.52
10/29/2021,62395.66
10/28/2021,61395.58
10/27/2021,58924.76
10/26/2021,62096.9
10/25/2021,62544.64
10/22/2021,60726.01
10/21/2021,62680.43
10/20/2021,65996.35
10/19/2021,64121.31
10/18/2021,61367.44
10/15/2021,62526.67
10/14/2021,57443.04
10/13/2021,56982.87
10/12/2021,55362.51
10/11/2021,57341.5
10/8/2021,53993.31
10/7/2021,54184.24
10/6/2021,54936.9
10/5/2021,51474.19
10/4/2021,49006.15
10/1/2021,48132.9
9/30/2021,43436.35
9/29/2021,41125.06
9/28/2021,41785.9
9/27/2021,42706.99
9/24/2021,42981.54
9/23/2021,44710.2
9/22/2021,43451.15
9/21/2021,40926.74
9/20/2021,43537.86
9/17/2021,46990.35
9/16/2021,47149.38
9/15/2021,47941.58
9/14/2021,46828.18
9/13/2021,45187.52
9/10/2021,45077.81
9/9/2021,46256.1
9/8/2021,46060.72
9/7/2021,46819.01
9/6/2021,51934.74
9/3/2021,50152.52
9/2/2021,49562.1
9/1/2021,48272.51
8/31/2021,47008.53
8/30/2021,48648.9
8/27/2021,48921.81
8/26/2021,47036.43
8/25/2021,48712.63
8/24/2021,48345.65
8/23/2021,49515.08
8/20/2021,48668.03
8/19/2021,46587.99
8/18/2021,44546.67
8/17/2021,44992.1
8/16/2021,46078.11
8/13/2021,47609.88
8/12/2021,44480.11
8/11/2021,46345.49
8/10/2021,45642.9
8/9/2021,45464.51
8/6/2021,42719.51
8/5/2021,40899.36
8/4/2021,39754.38
8/3/2021,38072.95
8/2/2021,38856.63
7/30/2021,40689.27
7/29/2021,39722.08
7/28/2021,39985.95
7/27/2021,38044.5
7/26/2021,37751.68
7/23/2021,32500.7
7/22/2021,32247.75
7/21/2021,31818.67
7/20/2021,29865.53
7/19/2021,30776.39
7/16/2021,31842.51
7/15/2021,31758.37
7/14/2021,32813.83
7/13/2021,32508.34
7/12/2021,32849.59
7/9/2021,33522.57
7/8/2021,32815.73
7/7/2021,34544.86
7/6/2021,33957.11
7/5/2021,33855.36
7/2/2021,33142.64
7/1/2021,33422
6/30/2021,34585
6/29/2021,36168.2
6/28/2021,34677.77
6/25/2021,32215.31
6/24/2021,34859.9
6/23/2021,33059.18
6/22/2021,32903.52
6/21/2021,32582.59
6/18/2021,35517.31
6/17/2021,37747.52
6/16/2021,38532.5
6/15/2021,39948.77
6/14/2021,39831.58
6/11/2021,37152.15
6/10/2021,36494.56
6/9/2021,36408.39
6/8/2021,33629.96
6/7/2021,34457.74
6/4/2021,37056.79
6/3/2021,38705.27
6/2/2021,37745.13
6/1/2021,36322.98
5/31/2021,36690.89
5/28/2021,35218.36
5/27/2021,38495.29
5/26/2021,38774.5
5/25/2021,37646.5
5/24/2021,39024.16
5/21/2021,35251.36
5/20/2021,40078.49
5/19/2021,38336.11
5/18/2021,43294.36
5/17/2021,44816.08
5/14/2021,49193.56
5/13/2021,49312.81
5/12/2021,54482.81
5/11/2021,56911.32
5/10/2021,55308.81
5/7/2021,57684.39
5/6/2021,55955.47
5/5/2021,56895.44
5/4/2021,54770.39
5/3/2021,56811.66
4/30/2021,56814.44
4/29/2021,52990.9
4/28/2021,54438.68
4/27/2021,55192.62
4/26/2021,53262.87
4/23/2021,50567.72
4/22/2021,51593.44
4/21/2021,54996.31
4/20/2021,56800.5
4/19/2021,56210.89
4/16/2021,62005.42
4/15/2021,63410.29
4/14/2021,62384.19
4/13/2021,63193.56
4/12/2021,59977.92
4/9/2021,58333.6
4/8/2021,57679.16
4/7/2021,56227.64
4/6/2021,58243.87
4/5/2021,58799.14
4/2/2021,58674.76
4/1/2021,58859.78
3/31/2021,58960.2
3/30/2021,58673.67
3/29/2021,57234.35
3/26/2021,54002.49
3/25/2021,52001.01
3/24/2021,54050.57
3/23/2021,54447.56
3/22/2021,54554.83
3/19/2021,58410.01
3/18/2021,57501.51
3/17/2021,57751.66
3/16/2021,56388.15
3/15/2021,56414.61
3/12/2021,56965.96
3/11/2021,57624.02
3/10/2021,56931.78
3/9/2021,54320.06
3/8/2021,51878.94
3/5/2021,49053.13
3/4/2021,47918.88
3/3/2021,50952.74
3/2/2021,47451.1
3/1/2021,48856.4
2/26/2021,45672.06
2/25/2021,48083.51
2/24/2021,48758.53
2/23/2021,47962.92
2/22/2021,54938.64
2/19/2021,55629.08
2/18/2021,52037.53
2/17/2021,52400.42
2/16/2021,48585.51
2/15/2021,48203.45
2/12/2021,47947.17
2/11/2021,46931.97
2/10/2021,45039.51
2/9/2021,47335.77
2/8/2021,44691.74
2/5/2021,37858.84
2/4/2021,37681.13
2/3/2021,37294.95
2/2/2021,35687.9
2/1/2021,33664.82
1/29/2021,34641.09
1/28/2021,33248.02
1/27/2021,31005.85
1/26/2021,32017.04
1/25/2021,32701.29
1/22/2021,33322.33
1/21/2021,31217
1/20/2021,34913.07
1/19/2021,36489.64
1/18/2021,36234.13
1/15/2021,36261.52
1/14/2021,38765.5
1/13/2021,37283.48
1/12/2021,34712.73
1/11/2021,33964.38
1/8/2021,40040.7
1/7/2021,39733
1/6/2021,35939.27
1/5/2021,33792.24
1/4/2021,31037.38
1/1/2021,29250.59
12/31/2020,28996.28
12/30/2020,28904.39
12/29/2020,26895.14
12/28/2020,26599.22
12/25/2020,24411.43
12/24/2020,23405.27
12/23/2020,23297.72
12/22/2020,23437.95
12/21/2020,23142.45
12/18/2020,22901.2
12/17/2020,22779.13
12/16/2020,21206.36
12/15/2020,19424.24
12/14/2020,19199.17
12/11/2020,18101.38
12/10/2020,18349.98
12/9/2020,18520.56
12/8/2020,18773.5
12/7/2020,19084.67
12/4/2020,18825.45
12/3/2020,19462.14
12/2/2020,19156.67
12/1/2020,19055.69
11/30/2020,19378.61
11/27/2020,17005.85
11/26/2020,17055.5
11/25/2020,18880.69
11/24/2020,18944.86
11/23/2020,18422.02
11/20/2020,18589.49
11/19/2020,17946.04
11/18/2020,17786.57
11/17/2020,17639.21
11/16/2020,16704.72
11/13/2020,16294.47
11/12/2020,16159.74
11/11/2020,15831.57
11/10/2020,15389.01
11/9/2020,15387.48
11/6/2020,15553.32
11/5/2020,15243.85
11/4/2020,14008.75
11/3/2020,13741.48
11/2/2020,13619.76
10/30/2020,13639.46
10/29/2020,13486.71
10/28/2020,13213.48
10/27/2020,13620.54
10/26/2020,13019.83
10/23/2020,12942.9
10/22/2020,13124.02
10/21/2020,12855.5
10/20/2020,11904.78
10/19/2020,11735.13
10/16/2020,11319.41
10/15/2020,11545.26
10/14/2020,11393.36
10/13/2020,11434.88
10/12/2020,11568.4
10/9/2020,11041.96
10/8/2020,10898.05
10/7/2020,10661.08
10/6/2020,10549.5
10/5/2020,10741.28
10/2/2020,10547.65
10/1/2020,10606.06
9/30/2020,10706.95
9/29/2020,10756.95
9/28/2020,10871.25
9/25/2020,10717.46
9/24/2020,10631.74
9/23/2020,10224.14
9/22/2020,10516.06
9/21/2020,10479.79
9/18/2020,10890.68
9/17/2020,10937.41
9/16/2020,10998.05
9/15/2020,10867.34
9/14/2020,10694.29
9/11/2020,10329.82
9/10/2020,10307.29
9/9/2020,10259.62
9/8/2020,10016.81
9/7/2020,10154.11
9/4/2020,10606.46
9/3/2020,10785.86
9/2/2020,11375.47
9/1/2020,12022.35
8/31/2020,11678.6
8/28/2020,11502.58
8/27/2020,11267.05
8/26/2020,11513.5
8/25/2020,11265.47
8/24/2020,11731.2
8/21/2020,11621.41
8/20/2020,11863.08
8/19/2020,11715.31
8/18/2020,12030.11
8/17/2020,12327.23
8/14/2020,11770.13
8/13/2020,11615.32
8/12/2020,11565.95
8/11/2020,11212.89
8/10/2020,11859.27
8/7/2020,11575.83
8/6/2020,11851.58
8/5/2020,11692.68
8/4/2020,11214.45
8/3/2020,11383.53
7/31/2020,11345.63
7/30/2020,11150.47
7/29/2020,11222.15
7/28/2020,10981.18
7/27/2020,10891.81
7/24/2020,9629.62
7/23/2020,9593.77
7/22/2020,9377.3
7/21/2020,9376.53
7/20/2020,9175.47
7/17/2020,9157.69
7/16/2020,9103.61
7/15/2020,9213.7
7/14/2020,9272.83
7/13/2020,9249.8
7/10/2020,9235.1
7/9/2020,9237.04
7/8/2020,9430.25
7/7/2020,9254.79
7/6/2020,9277.06
7/3/2020,9092.7
7/2/2020,9082.38
7/1/2020,9239.05
6/30/2020,9147.09
6/29/2020,9180.36
6/26/2020,9190.26
6/25/2020,9275.81
6/24/2020,9288.58
6/23/2020,9629.89
6/22/2020,9645.06
6/19/2020,9315.35
6/18/2020,9343.09
6/17/2020,9374.04
6/16/2020,9494.7
6/15/2020,9481.06
6/12/2020,9463.3
6/11/2020,9340.86
6/10/2020,9867.63
6/9/2020,9749.6
6/8/2020,9702.87
6/5/2020,9712.33
6/4/2020,9783.87
6/3/2020,9583.65
6/2/2020,9522.85
6/1/2020,9680.19
5/29/2020,9415.96
5/28/2020,9446.84
5/27/2020,9163.42
5/26/2020,8859.07
5/25/2020,8914.38
5/22/2020,9181
5/21/2020,9056.92
5/20/2020,9588.55
5/19/2020,9690.24
5/18/2020,9677.73
5/15/2020,9241.91
5/14/2020,9656.61
5/13/2020,9300.04
5/12/2020,8824.98
5/11/2020,8636.21
5/8/2020,9998.9
5/7/2020,9801.31
5/6/2020,9250.9
5/5/2020,8951.51
5/4/2020,8921.68
5/1/2020,8734.2
4/30/2020,8826.56
4/29/2020,8933.48
4/28/2020,7736.85
4/27/2020,7708.12
4/24/2020,7533.88
4/23/2020,7541.59
4/22/2020,7119.34
4/21/2020,6894.6
4/20/2020,6868.11
4/17/2020,7060.14
4/16/2020,7060.08
4/15/2020,6752.45
4/14/2020,6873.41
4/13/2020,6828.62
4/10/2020,6920.1
4/9/2020,7306.08
4/8/2020,7325.08
4/7/2020,7118.23
4/6/2020,7231.12
4/3/2020,6703.55
4/2/2020,6749.37
4/1/2020,6351.21
3/31/2020,6481.37
3/30/2020,6477.56
3/27/2020,6683.67
3/26/2020,6744.69
3/25/2020,6598.56
3/24/2020,6752.28
3/23/2020,6414.54
3/20/2020,5971.92
3/19/2020,6254.32
3/18/2020,5338.27
3/17/2020,5469.8
3/16/2020,4904.48
3/13/2020,5434.09
3/12/2020,5725.35
3/11/2020,7863.14
3/10/2020,7999.1
3/9/2020,7861.2
3/6/2020,9138.35
3/5/2020,9115.82
3/4/2020,8732.24
3/3/2020,8738.3
3/2/2020,8945.93
2/28/2020,8671.27
2/27/2020,8757.31
2/26/2020,8747.24
2/25/2020,9383.9
2/24/2020,9606.78
2/21/2020,9674.01
2/20/2020,9610.56
2/19/2020,9612.05
2/18/2020,10154.96
2/17/2020,9646.95
2/14/2020,10344.55
2/13/2020,10180.13
2/12/2020,10389.08
2/11/2020,10236.53
2/10/2020,9866.28
2/7/2020,9744.46
2/6/2020,9737.36
2/5/2020,9687.28
2/4/2020,9139.77
2/3/2020,9274.19
1/31/2020,9354.29
1/30/2020,9552.18
1/29/2020,9354.7
1/28/2020,9042.56
1/27/2020,8945.5
1/24/2020,8406.05
1/23/2020,8382.87
1/22/2020,8640.65
1/21/2020,8721.88
1/20/2020,8671.68
1/17/2020,8906.32
1/16/2020,8678.8
1/15/2020,8821.69
1/14/2020,8736.16
1/13/2020,8131.06
1/10/2020,8043.69
1/9/2020,7786.84
1/8/2020,8004.26
1/7/2020,8021.36
1/6/2020,7575.93
1/3/2020,7269.82
1/2/2020,6960.58
1/1/2020,7216.21
12/31/2019,7158.27
12/30/2019,7243.35
12/27/2019,7219.5
12/26/2019,7189.08
12/25/2019,7211.27
12/24/2019,7246.81
12/23/2019,7319.77
12/20/2019,7198.73
12/19/2019,7157.05
12/18/2019,7131.58
12/17/2019,6616.45
12/16/2019,6876.58
12/13/2019,7240.62
12/12/2019,7200.62
12/11/2019,7191.95
12/10/2019,7222.09
12/9/2019,7356.78
12/6/2019,7469.48
12/5/2019,7379.66
12/4/2019,7187.39
12/3/2019,7329.85
12/2/2019,7319.36
11/29/2019,7710.34
11/28/2019,7564.94
11/27/2019,7550.08
11/26/2019,7113.51
11/25/2019,7214.3
11/22/2019,7343.85
11/21/2019,7598.7
11/20/2019,8087.79
11/19/2019,8108.09
11/18/2019,8218.67
11/15/2019,8453.89
11/14/2019,8651.15
11/13/2019,8753.01
11/12/2019,8764.95
11/11/2019,8736.17
11/8/2019,8866.55
11/7/2019,9209.87
11/6/2019,9314.92
11/5/2019,9357.06
11/4/2019,9443.36
11/1/2019,9212.68
10/31/2019,9189.42
10/30/2019,9184.99
10/29/2019,9446.04
10/28/2019,9456.3
10/25/2019,8574.4
10/24/2019,7456.59
10/23/2019,7491.38
10/22/2019,8125.1
10/21/2019,8207.68
10/18/2019,7947.7
10/17/2019,8046.49
10/16/2019,7988.24
10/15/2019,8144.33
10/14/2019,8343.42
10/11/2019,8342.93
10/10/2019,8580.86
10/9/2019,8590.16
10/8/2019,8130.26
10/7/2019,8218.03
10/4/2019,8170.58
10/3/2019,8161.33
10/2/2019,8235.09
10/1/2019,8380.24
9/30/2019,8240.9
9/27/2019,8060.97
9/26/2019,8094.12
9/25/2019,8511.8
9/24/2019,8582
9/23/2019,9765.49
9/20/2019,10135.94
9/19/2019,10258.85
9/18/2019,10196.93
9/17/2019,10250.3
9/16/2019,10215.87
9/13/2019,10270.67
9/12/2019,10331.07
9/11/2019,10099.08
9/10/2019,10052.99
9/9/2019,10237.89
9/6/2019,10356.88
9/5/2019,10518.1
9/4/2019,10626.01
9/3/2019,10712.47
9/2/2019,10408.87
8/30/2019,9626.18
8/29/2019,9526.03
8/28/2019,9669.45
8/27/2019,10143.08
8/26/2019,10265.73
8/23/2019,10361.52
8/22/2019,10182.76
8/21/2019,10155.19
8/20/2019,10706.71
8/19/2019,10678.85
8/16/2019,10395.4
8/15/2019,10372.72
8/14/2019,10171.6
8/13/2019,10882.13
8/12/2019,11418.31
8/9/2019,11864.63
8/8/2019,11595.78
8/7/2019,11863.77
8/6/2019,11643.41
8/5/2019,11723.69
8/2/2019,10399.38
8/1/2019,10411.97
7/31/2019,10026.61
7/30/2019,9541.65
7/29/2019,9516.61
7/26/2019,9834.23
7/25/2019,9874.05
7/24/2019,9671.71
7/23/2019,10147.93
7/22/2019,10322.33
7/19/2019,10529.52
7/18/2019,10616.88
7/17/2019,9686.99
7/16/2019,9595.05
7/15/2019,10821.99
7/12/2019,11907.36
7/11/2019,11146.07
7/10/2019,11778.8
7/9/2019,12401.88
7/8/2019,12207.1
7/5/2019,11034
7/4/2019,11721.74
7/3/2019,11378.23
7/2/2019,10714.88
7/1/2019,10481.86
6/28/2019,12212.7
6/27/2019,10686.14
6/26/2019,12733.71
6/25/2019,11366.24
6/24/2019,10856.69
6/21/2019,9939.81
6/20/2019,9562.66
6/19/2019,9167.27
6/18/2019,9125.34
6/17/2019,9273.06
6/14/2019,8452.83
6/13/2019,8261.05
6/12/2019,8120.45
6/11/2019,7926.36
6/10/2019,7943.46
6/7/2019,7898.63
6/6/2019,7690.61
6/5/2019,7732.88
6/4/2019,7651.38
6/3/2019,8556.11
5/31/2019,8503.38
5/30/2019,8463.48
5/29/2019,8646.35
5/28/2019,8687.79
5/27/2019,8754.64
5/24/2019,8112.36
5/23/2019,7878.46
5/22/2019,7832.46
5/21/2019,8086.18
5/20/2019,8006.98
5/17/2019,7106.31
5/16/2019,7676.51
5/15/2019,8171.07
5/14/2019,7719.93
5/13/2019,7864.38
5/10/2019,6291.33
5/9/2019,6080.72
5/8/2019,5900.67
5/7/2019,5844.63
5/6/2019,5693.95
5/3/2019,5689.05
5/2/2019,5405.46
5/1/2019,5307.8
4/30/2019,5237.87
4/29/2019,5129.68
4/26/2019,5097.52
4/25/2019,5495.18
4/24/2019,5435.81
4/23/2019,5580.07
4/22/2019,5365.89
4/19/2019,5269.97
4/18/2019,5308.57
4/17/2019,5221.26
4/16/2019,5185.02
4/15/2019,5021.53
4/12/2019,5042.54
4/11/2019,5054.03
4/10/2019,5302.92
4/9/2019,5220.08
4/8/2019,5252.89
4/5/2019,4999.01
4/4/2019,4847.05
4/3/2019,5296
4/2/2019,4802.47
4/1/2019,4126.69
3/29/2019,4072.16
3/28/2019,4010.76
3/27/2019,4008.98
3/26/2019,3912.6
3/25/2019,3887.56
3/22/2019,3977.74
3/21/2019,3973.24
3/20/2019,4009.47
3/19/2019,3991.47
3/18/2019,3971.19
3/15/2019,3897.41
3/14/2019,3851.57
3/13/2019,3852.32
3/12/2019,3865.41
3/11/2019,3847.91
3/8/2019,3868.84
3/7/2019,3871.42
3/6/2019,3845.71
3/5/2019,3833.97
3/4/2019,3699.76
3/1/2019,3828.22
2/28/2019,3802.53
2/27/2019,3749.38
2/26/2019,3790.19
2/25/2019,3805.67
2/22/2019,3941.75
2/21/2019,3897.72
2/20/2019,3912.98
2/19/2019,3887.89
2/18/2019,3852.25
2/15/2019,3564.79
2/14/2019,3570.02
2/13/2019,3571.42
2/12/2019,3576.31
2/11/2019,3591.59
2/8/2019,3594.91
2/7/2019,3358.91
2/6/2019,3366.32
2/5/2019,3422.6
2/4/2019,3417.03
2/1/2019,3448.51
1/31/2019,3417.04
1/30/2019,3432.64
1/29/2019,3401.14
1/28/2019,3417.04
1/25/2019,3558.51
1/24/2019,3570.93
1/23/2019,3544.51
1/22/2019,3574.52
1/21/2019,3521.04
1/18/2019,3612.39
1/17/2019,3624.82
1/16/2019,3603.49
1/15/2019,3568.48
1/14/2019,3663.59
1/11/2019,3649.22
1/10/2019,3630.86
1/9/2019,4003.99
1/8/2019,4000.42
1/7/2019,4005.34
1/4/2019,3833.53
1/3/2019,3794.92
1/2/2019,3884.98
1/1/2019,3720.6
12/31/2018,3674.18
12/28/2018,3892.14
12/27/2018,3585.43
12/26/2018,3775.48
12/25/2018,3789.31
12/24/2018,4063.94
12/21/2018,3848.6
12/20/2018,3993.58
12/19/2018,3668.85
12/18/2018,3535.18
12/17/2018,3493.65
12/14/2018,3156.89
12/13/2018,3254.81
12/12/2018,3440.18
12/11/2018,3373.78
12/10/2018,3400.92
12/7/2018,3388.91
12/6/2018,3596.41
12/5/2018,3723.53
12/4/2018,3898.03
12/3/2018,3870.97
11/30/2018,3930.38
11/29/2018,4183.59
11/28/2018,4221.02
11/27/2018,3767.37
11/26/2018,3663.84
11/23/2018,4260.57
11/22/2018,4427.83
11/21/2018,4450.42
11/20/2018,4337.68
11/19/2018,4785.55
11/16/2018,5451.72
11/15/2018,5469.65
11/14/2018,5551.06
11/13/2018,6280.74
11/12/2018,6309.96
11/9/2018,6326.2
11/8/2018,6419.5
11/7/2018,6501.65
11/6/2018,6420.95
11/5/2018,6400.96
11/2/2018,6351.1
11/1/2018,6335.36
10/31/2018,6302.4
10/30/2018,6265.27
10/29/2018,6243.46
10/26/2018,6401.99
10/25/2018,6400.44
10/24/2018,6425.61
10/23/2018,6390.78
10/22/2018,6413.52
10/19/2018,6384.37
10/18/2018,6392.22
10/17/2018,6437.85
10/16/2018,6460.39
10/15/2018,6390.7
10/12/2018,6214.23
10/11/2018,6204.33
10/10/2018,6534.38
10/9/2018,6579.83
10/8/2018,6623.01
10/5/2018,6539.04
10/4/2018,6546.01
10/3/2018,6438.41
10/2/2018,6524.3
10/1/2018,6550.06
9/28/2018,6643.42
9/27/2018,6694.08
9/26/2018,6497.72
9/25/2018,6386.6
9/24/2018,6626.29
9/21/2018,6708.69
9/20/2018,6377.21
9/19/2018,6423.81
9/18/2018,6317.7
9/17/2018,6216.01
9/14/2018,6535.01
9/13/2018,6467.47
9/12/2018,6305.47
9/11/2018,6253.25
9/10/2018,6301.63
9/7/2018,6446.93
9/6/2018,6440.22
9/5/2018,6949.01
9/4/2018,7361.57
9/3/2018,7298.59
8/31/2018,7044.6
8/30/2018,6916.68
8/29/2018,7042.05
8/28/2018,7083.46
8/27/2018,6719.04
8/24/2018,6611.44
8/23/2018,6418.67
8/22/2018,6331.13
8/21/2018,6451.86
8/20/2018,6455.22
8/17/2018,6480.85
8/16/2018,6255.1
8/15/2018,6374.87
8/14/2018,6074.26
8/13/2018,6277.69
8/10/2018,6191.24
8/9/2018,6507.67
8/8/2018,6316.9
8/7/2018,6877.76
8/6/2018,6919.84
8/3/2018,7388.58
8/2/2018,7546.53
8/1/2018,7482.23
7/31/2018,7689.43
7/30/2018,8146.16
7/27/2018,8225.12
7/26/2018,8138.47
7/25/2018,8176.35
7/24/2018,8227.05
7/23/2018,7702.88
7/20/2018,7351.07
7/19/2018,7418.83
7/18/2018,7336.6
7/17/2018,7314
7/16/2018,6661.85
7/13/2018,6185.23
7/12/2018,6172.95
7/11/2018,6354.19
7/10/2018,6387.83
7/9/2018,6695.86
7/6/2018,6570.76
7/5/2018,6507.68
7/4/2018,6686.23
7/3/2018,6613.86
7/2/2018,6620.01
6/29/2018,5899.64
6/28/2018,6044.92
6/27/2018,6124.96
6/26/2018,6181.64
6/25/2018,6250.81
6/22/2018,6070.19
6/21/2018,6719.47
6/20/2018,6748.89
6/19/2018,6695.44
6/18/2018,6727.55
6/15/2018,6497.97
6/14/2018,6658.78
6/13/2018,6260.96
6/12/2018,6531.39
6/11/2018,6760.89
6/8/2018,7646.28
6/7/2018,7660.06
6/6/2018,7619.32
6/5/2018,7629.53
6/4/2018,7525.77
6/1/2018,7437.74
5/31/2018,7538.28
5/30/2018,7337.26
5/29/2018,7501.54
5/28/2018,7214.8
5/25/2018,7448.08
5/24/2018,7552.45
5/23/2018,7590
5/22/2018,8108.52
5/21/2018,8406.89
5/18/2018,8229.58
5/17/2018,8204.05
5/16/2018,8291.23
5/15/2018,8518.76
5/14/2018,8811.66
5/11/2018,8432.01
5/10/2018,9092.67
5/9/2018,9248.19
5/8/2018,9160.97
5/7/2018,9437.62
5/4/2018,9683.54
5/3/2018,9652.04
5/2/2018,9175.76
5/1/2018,9015.73
4/30/2018,9272.7
4/27/2018,8977.07
4/26/2018,9118.96
4/25/2018,9073.19
4/24/2018,9449.88
4/23/2018,8932.25
4/20/2018,8524.52
4/19/2018,8233.85
4/18/2018,8187.53
4/17/2018,7914.7
4/16/2018,7986.06
4/13/2018,7903.91
4/12/2018,7730.47
4/11/2018,6891.03
4/10/2018,6839.62
4/9/2018,6662.14
4/6/2018,6604.48
4/5/2018,6749.55
4/4/2018,6830.76
4/3/2018,7401.4
4/2/2018,6937.38
3/30/2018,6852.51
3/29/2018,7098.14
3/28/2018,7906.96
3/27/2018,7990.87
3/26/2018,7888.84
3/23/2018,8616.25
3/22/2018,8598.85
3/21/2018,8895.59
3/20/2018,8920.33
3/19/2018,8427.2
3/16/2018,8524.17
3/15/2018,8251.71
3/14/2018,8304.32
3/13/2018,9062.92
3/12/2018,9017.65
3/9/2018,9004.84
3/8/2018,9330.23
3/7/2018,9939.53
3/6/2018,10790.35
3/5/2018,11555.99
3/2/2018,11029.95
3/1/2018,10933.75
2/28/2018,10538.02
2/27/2018,10755.9
2/26/2018,10380.3
2/23/2018,9920.01
2/22/2018,9915.69
2/21/2018,10286.84
2/20/2018,11705.73
2/19/2018,11081.41
2/16/2018,10088.2
2/15/2018,9873.45
2/14/2018,9287.96
2/13/2018,8557.91
2/12/2018,8831.25
2/9/2018,8552.65
2/8/2018,8171.19
2/7/2018,8087.51
2/6/2018,7764.6
2/5/2018,7100.87
2/2/2018,8570
2/1/2018,9094.2
1/31/2018,9962.31
1/30/2018,10086.8
1/29/2018,11207
1/26/2018,10874.79
1/25/2018,11256.52
1/24/2018,11213.37
1/23/2018,10981.05
1/22/2018,10354
1/19/2018,11366.61
1/18/2018,11605.5
1/17/2018,11376.69
1/16/2018,10720
1/15/2018,13916.82
1/12/2018,13746.58
1/11/2018,13462.98
1/10/2018,14494.74
1/9/2018,14554.08
1/8/2018,14935.7
1/5/2018,16753.24
1/4/2018,14946.35
1/3/2018,15055.23
1/2/2018,14784.6
1/1/2018,13624.57
12/29/2017,14310.94
12/28/2017,13939.48
12/27/2017,15189.39
12/26/2017,15925
12/25/2017,13768.02
12/22/2017,14239.65
12/21/2017,15385.2
12/20/2017,16210.13
12/19/2017,16964.39
12/18/2017,18674.48
12/15/2017,17630.12
12/14/2017,16503.72
12/13/2017,16752
12/12/2017,17248.22
12/11/2017,17148.2
12/8/2017,15644
12/7/2017,16051.08
12/6/2017,13346.75
12/5/2017,11776.95
12/4/2017,11500.01
12/1/2017,10899.25
11/30/2017,9653.93
11/29/2017,10193.45
11/28/2017,9944.74
11/27/2017,9652.66
11/24/2017,8249.34
11/23/2017,8166.19
11/22/2017,8203.84
11/21/2017,8134.25
11/20/2017,8245.04
11/17/2017,7701.88
11/16/2017,7892.22
11/15/2017,7291.96
11/14/2017,6590.9
11/13/2017,6506.62
11/10/2017,6581.83
11/9/2017,7120.48
11/8/2017,7260.63
11/7/2017,7074.84
11/6/2017,7127.39
11/3/2017,7228.65
11/2/2017,7057.82
11/1/2017,6580
10/31/2017,6377.45
10/30/2017,6099.6
10/27/2017,5753.71
10/26/2017,5842.24
10/25/2017,5679.54
10/24/2017,5593.52
10/23/2017,5911.12
10/20/2017,5973.19
10/19/2017,5700.17
10/18/2017,5507.01
10/17/2017,5577.3
10/16/2017,5678.73
10/13/2017,5614.64
10/12/2017,5317.43
10/11/2017,4826.85
10/10/2017,4873.1
10/9/2017,4841.19
10/6/2017,4339.4
10/5/2017,4347.1
10/4/2017,4200.44
10/3/2017,4283.49
10/2/2017,4391.34
9/29/2017,4171.25
9/28/2017,4164.5
9/27/2017,4154.27
9/26/2017,3908.25
9/25/2017,3941.31
9/22/2017,3615.1
9/21/2017,3647.5
9/20/2017,3957.01
9/19/2017,3905.56
9/18/2017,4006.56
9/15/2017,3722.68
9/14/2017,3391.25
9/13/2017,3897.95
9/12/2017,4179.95
9/11/2017,4192.47
9/8/2017,4247.55
9/7/2017,4575.48
9/6/2017,4569.25
9/5/2017,4458.44
9/4/2017,4362.08
9/1/2017,4880.85
8/31/2017,4741.39
8/30/2017,4574.99
8/29/2017,4597.02
8/28/2017,4339.74
8/25/2017,4329.03
8/24/2017,4234
8/23/2017,4134.37
8/22/2017,4073.01
8/21/2017,3997.99
8/18/2017,4022.75
8/17/2017,4330.12
8/16/2017,4350.42
8/15/2017,4071.6
8/14/2017,4262.99
8/11/2017,3588.05
8/10/2017,3424.49
8/9/2017,3361.7
8/8/2017,3447.35
8/7/2017,3341.29
8/4/2017,2832
8/3/2017,2781.45
8/2/2017,2691.01
8/1/2017,2740.99
7/31/2017,2886.71
7/28/2017,2755.65
7/27/2017,2583.77
7/26/2017,2503.29
7/25/2017,2468.53
7/24/2017,2760.01
7/21/2017,2640.5
7/20/2017,2729.32
7/19/2017,2255
7/18/2017,2348.48
7/17/2017,2174.02
7/14/2017,2159.05
7/13/2017,2337.69
7/12/2017,2382.02
7/11/2017,2328.94
7/10/2017,2384.54
7/7/2017,2514.87
7/6/2017,2597.68
7/5/2017,2611.09
7/4/2017,2575.53
7/3/2017,2557.75
6/30/2017,2502.5
6/29/2017,2558.28
6/28/2017,2593.58
6/27/2017,2457.46
6/26/2017,2347.32
6/23/2017,2707.64
6/22/2017,2671.67
6/21/2017,2659.27
6/20/2017,2749.63
6/19/2017,2573.17
6/16/2017,2484.65
6/15/2017,2361.34
6/14/2017,2552.48
6/13/2017,2701.55
6/12/2017,2599.16
6/9/2017,2834.48
6/8/2017,2749.46
6/7/2017,2738.88
6/6/2017,2871.13
6/5/2017,2663.5
6/2/2017,2430.83
6/1/2017,2410.55
5/31/2017,2286.1
5/30/2017,2249.94
5/29/2017,2306.61
5/26/2017,2268.7
5/25/2017,2465.54
5/24/2017,2435.88
5/23/2017,2216.18
5/22/2017,2149.63
5/19/2017,1938.04
5/18/2017,1883.04
5/17/2017,1816.73
5/16/2017,1769.41
5/15/2017,1719.63
5/12/2017,1691.8
5/11/2017,1820.84
5/10/2017,1776.34
5/9/2017,1712.16
5/8/2017,1657.55
5/5/2017,1529.41
5/4/2017,1502.29
5/3/2017,1516.69
5/2/2017,1439.45
5/1/2017,1435.89
4/28/2017,1304.91
4/27/2017,1347.91
4/26/2017,1294.3
4/25/2017,1281.47
4/24/2017,1255.91
4/21/2017,1242.73
4/20/2017,1240.02
4/19/2017,1206.45
4/18/2017,1204.67
4/17/2017,1193.94
4/14/2017,1183.59
4/13/2017,1170.01
4/12/2017,1216.07
4/11/2017,1226.7
4/10/2017,1203.1
4/7/2017,1199.24
4/6/2017,1199.17
4/5/2017,1128.13
4/4/2017,1138.86
4/3/2017,1153.83
3/31/2017,1074.69
3/30/2017,1035.44
3/29/2017,1039.32
3/28/2017,1030.17
3/27/2017,1023.73
3/24/2017,960.74
3/23/2017,1038.9
3/22/2017,1009.31
3/21/2017,1092.56
3/20/2017,1023.8
3/17/2017,1096.91
3/16/2017,1148.5
3/15/2017,1251.57
3/14/2017,1253.21
3/13/2017,1237.5
3/10/2017,1100.56
3/9/2017,1199.86
3/8/2017,1165.19
3/7/2017,1245
3/6/2017,1277.65
3/3/2017,1277.39
3/2/2017,1257.94
3/1/2017,1225.32
2/28/2017,1192.7
2/27/2017,1194.26
2/24/2017,1177.28
2/23/2017,1164.1
2/22/2017,1129.3
2/21/2017,1115.67
2/20/2017,1064.11
2/17/2017,1058.86
2/16/2017,1038.54
2/15/2017,1015.44
2/14/2017,1011.27
2/13/2017,1002.4
2/10/2017,1004.03
2/9/2017,977.4
2/8/2017,1060.55
2/7/2017,1052.19
2/6/2017,1025.29
2/3/2017,1011.67
2/2/2017,1010.14
2/1/2017,979.37
1/31/2017,961.69
1/30/2017,922.79
1/27/2017,919.95
1/26/2017,914.19
1/25/2017,895.34
1/24/2017,898.19
1/23/2017,921.64
1/20/2017,898.86
1/19/2017,907.31
1/18/2017,875.76
1/17/2017,898.92
1/16/2017,833.1
1/13/2017,830.7
1/12/2017,827.63
1/11/2017,789.11
1/10/2017,909.81
1/9/2017,897.51
1/6/2017,898.16
1/5/2017,971.26
1/4/2017,1091.66
1/3/2017,1024.38
1/2/2017,1012.35
