Dates,FDTR Index,USGG10YR Index
6/23/2025,4.5,4.3121
6/20/2025,4.5,4.3751
6/19/2025,4.5,4.3909
6/18/2025,4.5,4.3909
6/17/2025,4.5,4.3888
6/16/2025,4.5,4.4462
6/13/2025,4.5,4.3987
6/12/2025,4.5,4.3592
6/11/2025,4.5,4.4203
6/10/2025,4.5,4.4698
6/9/2025,4.5,4.4738
6/6/2025,4.5,4.5056
6/5/2025,4.5,4.3906
6/4/2025,4.5,4.3552
6/3/2025,4.5,4.4537
6/2/2025,4.5,4.4399
5/30/2025,4.5,4.4004
5/29/2025,4.5,4.418
5/28/2025,4.5,4.4773
5/27/2025,4.5,4.4436
5/26/2025,4.5,4.511
5/23/2025,4.5,4.511
5/22/2025,4.5,4.5287
5/21/2025,4.5,4.5985
5/20/2025,4.5,4.4869
5/19/2025,4.5,4.4474
5/16/2025,4.5,4.477
5/15/2025,4.5,4.4315
5/14/2025,4.5,4.5363
5/13/2025,4.5,4.465
5/12/2025,4.5,4.4709
5/9/2025,4.5,4.3785
5/8/2025,4.5,4.3785
5/7/2025,4.5,4.2694
5/6/2025,4.5,4.2946
5/5/2025,4.5,4.3433
5/2/2025,4.5,4.3083
5/1/2025,4.5,4.2176
4/30/2025,4.5,4.1619
4/29/2025,4.5,4.1716
4/28/2025,4.5,4.2082
4/25/2025,4.5,4.2353
4/24/2025,4.5,4.3149
4/23/2025,4.5,4.3812
4/22/2025,4.5,4.4008
4/21/2025,4.5,4.4106
4/18/2025,4.5,4.3249
4/17/2025,4.5,4.3249
4/16/2025,4.5,4.2768
4/15/2025,4.5,4.333
4/14/2025,4.5,4.3739
4/11/2025,4.5,4.4895
4/10/2025,4.5,4.4249
4/9/2025,4.5,4.3315
4/8/2025,4.5,4.2929
4/7/2025,4.5,4.1835
4/4/2025,4.5,3.9943
4/3/2025,4.5,4.0286
4/2/2025,4.5,4.1307
4/1/2025,4.5,4.1689
3/31/2025,4.5,4.2053
3/28/2025,4.5,4.2494
3/27/2025,4.5,4.3595
3/26/2025,4.5,4.3519
3/25/2025,4.5,4.3133
3/24/2025,4.5,4.3346
3/21/2025,4.5,4.2462
3/20/2025,4.5,4.2369
3/19/2025,4.5,4.2428
3/18/2025,4.5,4.2831
3/17/2025,4.5,4.2985
3/14/2025,4.5,4.3121
3/13/2025,4.5,4.2682
3/12/2025,4.5,4.3124
3/11/2025,4.5,4.2799
3/10/2025,4.5,4.2131
3/7/2025,4.5,4.3011
3/6/2025,4.5,4.2784
3/5/2025,4.5,4.2785
3/4/2025,4.5,4.2442
3/3/2025,4.5,4.1551
2/28/2025,4.5,4.2082
2/27/2025,4.5,4.2599
2/26/2025,4.5,4.2562
2/25/2025,4.5,4.2945
2/24/2025,4.5,4.4003
2/21/2025,4.5,4.4313
2/20/2025,4.5,4.5053
2/19/2025,4.5,4.5327
2/18/2025,4.5,4.5503
2/17/2025,4.5,4.4762
2/14/2025,4.5,4.4762
2/13/2025,4.5,4.5288
2/12/2025,4.5,4.6208
2/11/2025,4.5,4.5352
2/10/2025,4.5,4.4968
2/7/2025,4.5,4.4947
2/6/2025,4.5,4.4342
2/5/2025,4.5,4.4181
2/4/2025,4.5,4.5105
2/3/2025,4.5,4.555
1/31/2025,4.5,4.5387
1/30/2025,4.5,4.5163
1/29/2025,4.5,4.5284
1/28/2025,4.5,4.5323
1/27/2025,4.5,4.5343
1/24/2025,4.5,4.6214
1/23/2025,4.5,4.6436
1/22/2025,4.5,4.6109
1/21/2025,4.5,4.5764
1/20/2025,4.5,4.627
1/17/2025,4.5,4.627
1/16/2025,4.5,4.6125
1/15/2025,4.5,4.6531
1/14/2025,4.5,4.7924
1/13/2025,4.5,4.7779
1/10/2025,4.5,4.7592
1/9/2025,4.5,4.6893
1/8/2025,4.5,4.6892
1/7/2025,4.5,4.685
1/6/2025,4.5,4.63
1/3/2025,4.5,4.5975
1/2/2025,4.5,4.559
1/1/2025,4.5,4.569
12/31/2024,4.5,4.569
12/30/2024,4.5,4.5327
12/27/2024,4.5,4.6253
12/26/2024,4.5,4.5827
12/25/2024,4.5,4.5887
12/24/2024,4.5,4.5887
12/23/2024,4.5,4.5865
12/20/2024,4.5,4.5222
12/19/2024,4.5,4.5621
12/18/2024,4.5,4.514
12/17/2024,4.75,4.3987
12/16/2024,4.75,4.3967
12/13/2024,4.75,4.3967
12/12/2024,4.75,4.3278
12/11/2024,4.75,4.2711
12/10/2024,4.75,4.2263
12/9/2024,4.75,4.2012
12/6/2024,4.75,4.1529
12/5/2024,4.75,4.1761
12/4/2024,4.75,4.18
12/3/2024,4.75,4.2245
12/2/2024,4.75,4.1897
11/29/2024,4.75,4.1685
11/28/2024,4.75,4.2634
11/27/2024,4.75,4.2634
11/26/2024,4.75,4.3062
11/25/2024,4.75,4.2731
11/22/2024,4.75,4.4002
11/21/2024,4.75,4.4218
11/20/2024,4.75,4.41
11/19/2024,4.75,4.3962
11/18/2024,4.75,4.4138
11/15/2024,4.75,4.4394
11/14/2024,4.75,4.4354
11/13/2024,4.75,4.4512
11/12/2024,4.75,4.4275
11/11/2024,4.75,4.3043
11/8/2024,4.75,4.3043
11/7/2024,4.75,4.3257
11/6/2024,5,4.4315
11/5/2024,5,4.2708
11/4/2024,5,4.2847
11/1/2024,5,4.3836
10/31/2024,5,4.2844
10/30/2024,5,4.3004
10/29/2024,5,4.2541
10/28/2024,5,4.2821
10/25/2024,5,4.2399
10/24/2024,5,4.2118
10/23/2024,5,4.2456
10/22/2024,5,4.2076
10/21/2024,5,4.1956
10/18/2024,5,4.0828
10/17/2024,5,4.0906
10/16/2024,5,4.0122
10/15/2024,5,4.0317
10/14/2024,5,4.1003
10/11/2024,5,4.1003
10/10/2024,5,4.0608
10/9/2024,5,4.0726
10/8/2024,5,4.0119
10/7/2024,5,4.0256
10/4/2024,5,3.9672
10/3/2024,5,3.8458
10/2/2024,5,3.7809
10/1/2024,5,3.7315
9/30/2024,5,3.7809
9/27/2024,5,3.7506
9/26/2024,5,3.7963
9/25/2024,5,3.7849
9/24/2024,5,3.728
9/23/2024,5,3.7489
9/20/2024,5,3.7413
9/19/2024,5,3.7131
9/18/2024,5,3.7038
9/17/2024,5.5,3.6456
9/16/2024,5.5,3.6176
9/13/2024,5.5,3.6513
9/12/2024,5.5,3.674
9/11/2024,5.5,3.6534
9/10/2024,5.5,3.6423
9/9/2024,5.5,3.7004
9/6/2024,5.5,3.708
9/5/2024,5.5,3.7269
9/4/2024,5.5,3.7552
9/3/2024,5.5,3.831
9/2/2024,5.5,3.9034
8/30/2024,5.5,3.9034
8/29/2024,5.5,3.8615
8/28/2024,5.5,3.8349
8/27/2024,5.5,3.8216
8/26/2024,5.5,3.816
8/23/2024,5.5,3.799
8/22/2024,5.5,3.8521
8/21/2024,5.5,3.801
8/20/2024,5.5,3.8067
8/19/2024,5.5,3.8711
8/16/2024,5.5,3.8826
8/15/2024,5.5,3.9131
8/14/2024,5.5,3.8352
8/13/2024,5.5,3.8428
8/12/2024,5.5,3.9035
8/9/2024,5.5,3.9398
8/8/2024,5.5,3.9877
8/7/2024,5.5,3.9431
8/6/2024,5.5,3.8919
8/5/2024,5.5,3.7884
8/2/2024,5.5,3.7904
8/1/2024,5.5,3.976
7/31/2024,5.5,4.0296
7/30/2024,5.5,4.1394
7/29/2024,5.5,4.1744
7/26/2024,5.5,4.1939
7/25/2024,5.5,4.2407
7/24/2024,5.5,4.2838
7/23/2024,5.5,4.2506
7/22/2024,5.5,4.2525
7/19/2024,5.5,4.2389
7/18/2024,5.5,4.2021
7/17/2024,5.5,4.1576
7/16/2024,5.5,4.1576
7/15/2024,5.5,4.2294
7/12/2024,5.5,4.1829
7/11/2024,5.5,4.2101
7/10/2024,5.5,4.2841
7/9/2024,5.5,4.2959
7/8/2024,5.5,4.2783
7/5/2024,5.5,4.2784
7/4/2024,5.5,4.3587
7/3/2024,5.5,4.3587
7/2/2024,5.5,4.4316
7/1/2024,5.5,4.4613
6/28/2024,5.5,4.3961
6/27/2024,5.5,4.2864
6/26/2024,5.5,4.3294
6/25/2024,5.5,4.2476
6/24/2024,5.5,4.2321
6/21/2024,5.5,4.2554
6/20/2024,5.5,4.2594
6/19/2024,5.5,4.2227
6/18/2024,5.5,4.2227
6/17/2024,5.5,4.2809
6/14/2024,5.5,4.2209
6/13/2024,5.5,4.2442
6/12/2024,5.5,4.316
6/11/2024,5.5,4.404
6/10/2024,5.5,4.467
6/7/2024,5.5,4.4335
6/6/2024,5.5,4.287
6/5/2024,5.5,4.2755
6/4/2024,5.5,4.3259
6/3/2024,5.5,4.3884
5/31/2024,5.5,4.4985
5/30/2024,5.5,4.546
5/29/2024,5.5,4.6117
5/28/2024,5.5,4.55
5/27/2024,5.5,4.465
5/24/2024,5.5,4.465
5/23/2024,5.5,4.4767
5/22/2024,5.5,4.4218
5/21/2024,5.5,4.412
5/20/2024,5.5,4.4433
5/17/2024,5.5,4.4198
5/16/2024,5.5,4.375
5/15/2024,5.5,4.34
5/14/2024,5.5,4.4394
5/13/2024,5.5,4.4865
5/10/2024,5.5,4.4963
5/9/2024,5.5,4.4531
5/8/2024,5.5,4.4937
5/7/2024,5.5,4.457
5/6/2024,5.5,4.4874
5/3/2024,5.5,4.5077
5/2/2024,5.5,4.5811
5/1/2024,5.5,4.6283
4/30/2024,5.5,4.6798
4/29/2024,5.5,4.6136
4/26/2024,5.5,4.663
4/25/2024,5.5,4.7039
4/24/2024,5.5,4.6417
4/23/2024,5.5,4.6004
4/22/2024,5.5,4.6085
4/19/2024,5.5,4.6207
4/18/2024,5.5,4.6326
4/17/2024,5.5,4.5873
4/16/2024,5.5,4.6674
4/15/2024,5.5,4.6014
4/12/2024,5.5,4.5216
4/11/2024,5.5,4.5865
4/10/2024,5.5,4.5435
4/9/2024,5.5,4.3616
4/8/2024,5.5,4.4198
4/5/2024,5.5,4.4016
4/4/2024,5.5,4.3094
4/3/2024,5.5,4.3472
4/2/2024,5.5,4.3491
4/1/2024,5.5,4.3092
3/29/2024,5.5,4.2003
3/28/2024,5.5,4.2003
3/27/2024,5.5,4.1903
3/26/2024,5.5,4.2316
3/25/2024,5.5,4.2454
3/22/2024,5.5,4.1981
3/21/2024,5.5,4.2669
3/20/2024,5.5,4.2728
3/19/2024,5.5,4.2925
3/18/2024,5.5,4.3242
3/15/2024,5.5,4.3063
3/14/2024,5.5,4.2903
3/13/2024,5.5,4.1899
3/12/2024,5.5,4.1507
3/11/2024,5.5,4.0982
3/8/2024,5.5,4.0749
3/7/2024,5.5,4.0827
3/6/2024,5.5,4.102
3/5/2024,5.5,4.1525
3/4/2024,5.5,4.2131
3/1/2024,5.5,4.1798
2/29/2024,5.5,4.2502
2/28/2024,5.5,4.2639
2/27/2024,5.5,4.3032
2/26/2024,5.5,4.2795
2/23/2024,5.5,4.248
2/22/2024,5.5,4.3207
2/21/2024,5.5,4.3187
2/20/2024,5.5,4.2753
2/19/2024,5.5,4.2792
2/16/2024,5.5,4.2792
2/15/2024,5.5,4.23
2/14/2024,5.5,4.2554
2/13/2024,5.5,4.3143
2/12/2024,5.5,4.1793
2/9/2024,5.5,4.1754
2/8/2024,5.5,4.154
2/7/2024,5.5,4.1211
2/6/2024,5.5,4.1
2/5/2024,5.5,4.1579
2/2/2024,5.5,4.0199
2/1/2024,5.5,3.8802
1/31/2024,5.5,3.9124
1/30/2024,5.5,4.0319
1/29/2024,5.5,4.074
1/26/2024,5.5,4.1373
1/25/2024,5.5,4.1184
1/24/2024,5.5,4.1762
1/23/2024,5.5,4.1282
1/22/2024,5.5,4.1052
1/19/2024,5.5,4.1226
1/18/2024,5.5,4.142
1/17/2024,5.5,4.1019
1/16/2024,5.5,4.0581
1/15/2024,5.5,3.939
1/12/2024,5.5,3.939
1/11/2024,5.5,3.9658
1/10/2024,5.5,4.0283
1/9/2024,5.5,4.0133
1/8/2024,5.5,4.0305
1/5/2024,5.5,4.0457
1/4/2024,5.5,3.9988
1/3/2024,5.5,3.9162
1/2/2024,5.5,3.9294
1/1/2024,5.5,3.8791
12/29/2023,5.5,3.8791
12/28/2023,5.5,3.8443
12/27/2023,5.5,3.7944
12/26/2023,5.5,3.8967
12/25/2023,5.5,3.895
12/22/2023,5.5,3.895
12/21/2023,5.5,3.8881
12/20/2023,5.5,3.8474
12/19/2023,5.5,3.9313
12/18/2023,5.5,3.9314
12/15/2023,5.5,3.911
12/14/2023,5.5,3.9208
12/13/2023,5.5,4.0164
12/12/2023,5.5,4.2006
12/11/2023,5.5,4.2333
12/8/2023,5.5,4.2256
12/7/2023,5.5,4.1495
12/6/2023,5.5,4.104
12/5/2023,5.5,4.1649
12/4/2023,5.5,4.2529
12/1/2023,5.5,4.1956
11/30/2023,5.5,4.3264
11/29/2023,5.5,4.2552
11/28/2023,5.5,4.3207
11/27/2023,5.5,4.3866
11/24/2023,5.5,4.4665
11/23/2023,5.5,4.4042
11/22/2023,5.5,4.4042
11/21/2023,5.5,4.3926
11/20/2023,5.5,4.4198
11/17/2023,5.5,4.4354
11/16/2023,5.5,4.4355
11/15/2023,5.5,4.5314
11/14/2023,5.5,4.4473
11/13/2023,5.5,4.6399
11/10/2023,5.5,4.6518
11/9/2023,5.5,4.6241
11/8/2023,5.5,4.4925
11/7/2023,5.5,4.5665
11/6/2023,5.5,4.6431
11/3/2023,5.5,4.5724
11/2/2023,5.5,4.659
11/1/2023,5.5,4.7341
10/31/2023,5.5,4.9307
10/30/2023,5.5,4.8942
10/27/2023,5.5,4.8346
10/26/2023,5.5,4.8445
10/25/2023,5.5,4.9549
10/24/2023,5.5,4.8229
10/23/2023,5.5,4.8502
10/20/2023,5.5,4.9137
10/19/2023,5.5,4.9898
10/18/2023,5.5,4.9149
10/17/2023,5.5,4.8341
10/16/2023,5.5,4.706
10/13/2023,5.5,4.6124
10/12/2023,5.5,4.6969
10/11/2023,5.5,4.5582
10/10/2023,5.5,4.653
10/9/2023,5.5,4.8009
10/6/2023,5.5,4.8009
10/5/2023,5.5,4.7185
10/4/2023,5.5,4.7329
10/3/2023,5.5,4.7955
10/2/2023,5.5,4.6785
9/29/2023,5.5,4.5711
9/28/2023,5.5,4.5748
9/27/2023,5.5,4.6075
9/26/2023,5.5,4.5356
9/25/2023,5.5,4.5334
9/22/2023,5.5,4.4337
9/21/2023,5.5,4.4942
9/20/2023,5.5,4.407
9/19/2023,5.5,4.3586
9/18/2023,5.5,4.3026
9/15/2023,5.5,4.3324
9/14/2023,5.5,4.2863
9/13/2023,5.5,4.2485
9/12/2023,5.5,4.2801
9/11/2023,5.5,4.288
9/8/2023,5.5,4.2641
9/7/2023,5.5,4.2441
9/6/2023,5.5,4.2797
9/5/2023,5.5,4.2598
9/4/2023,5.5,4.1788
9/1/2023,5.5,4.1788
8/31/2023,5.5,4.1081
8/30/2023,5.5,4.1139
8/29/2023,5.5,4.1197
8/28/2023,5.5,4.202
8/25/2023,5.5,4.2354
8/24/2023,5.5,4.2372
8/23/2023,5.5,4.1918
8/22/2023,5.5,4.3241
8/21/2023,5.5,4.3379
8/18/2023,5.5,4.2546
8/17/2023,5.5,4.2741
8/16/2023,5.5,4.2504
8/15/2023,5.5,4.211
8/14/2023,5.5,4.1913
8/11/2023,5.5,4.1522
8/10/2023,5.5,4.1055
8/9/2023,5.5,4.0081
8/8/2023,5.5,4.022
8/7/2023,5.5,4.0885
8/4/2023,5.5,4.0338
8/3/2023,5.5,4.1751
8/2/2023,5.5,4.0775
8/1/2023,5.5,4.023
7/31/2023,5.5,3.9588
7/28/2023,5.5,3.9507
7/27/2023,5.5,3.9982
7/26/2023,5.5,3.8668
7/25/2023,5.25,3.8845
7/24/2023,5.25,3.8725
7/21/2023,5.25,3.8349
7/20/2023,5.25,3.8503
7/19/2023,5.25,3.7483
7/18/2023,5.25,3.7853
7/17/2023,5.25,3.8068
7/14/2023,5.25,3.8322
7/13/2023,5.25,3.7634
7/12/2023,5.25,3.8573
7/11/2023,5.25,3.97
7/10/2023,5.25,3.9938
7/7/2023,5.25,4.0616
7/6/2023,5.25,4.0291
7/5/2023,5.25,3.9315
7/4/2023,5.25,3.8545
7/3/2023,5.25,3.8545
6/30/2023,5.25,3.8367
6/29/2023,5.25,3.8383
6/28/2023,5.25,3.7078
6/27/2023,5.25,3.7639
6/26/2023,5.25,3.7212
6/23/2023,5.25,3.7347
6/22/2023,5.25,3.7946
6/21/2023,5.25,3.7189
6/20/2023,5.25,3.7207
6/19/2023,5.25,3.7613
6/16/2023,5.25,3.7613
6/15/2023,5.25,3.7165
6/14/2023,5.25,3.7862
6/13/2023,5.25,3.8133
6/12/2023,5.25,3.7356
6/9/2023,5.25,3.7394
6/8/2023,5.25,3.7179
6/7/2023,5.25,3.7952
6/6/2023,5.25,3.6602
6/5/2023,5.25,3.6831
6/2/2023,5.25,3.6907
6/1/2023,5.25,3.595
5/31/2023,5.25,3.6426
5/30/2023,5.25,3.6866
5/29/2023,5.25,3.7983
5/26/2023,5.25,3.7983
5/25/2023,5.25,3.8174
5/24/2023,5.25,3.7419
5/23/2023,5.25,3.6919
5/22/2023,5.25,3.7148
5/19/2023,5.25,3.6726
5/18/2023,5.25,3.6457
5/17/2023,5.25,3.5641
5/16/2023,5.25,3.5339
5/15/2023,5.25,3.5019
5/12/2023,5.25,3.4625
5/11/2023,5.25,3.3843
5/10/2023,5.25,3.4426
5/9/2023,5.25,3.5186
5/8/2023,5.25,3.5072
5/5/2023,5.25,3.437
5/4/2023,5.25,3.3787
5/3/2023,5.25,3.3356
5/2/2023,5,3.4239
5/1/2023,5,3.5681
4/28/2023,5,3.422
4/27/2023,5,3.5204
4/26/2023,5,3.4485
4/25/2023,5,3.3996
4/24/2023,5,3.4901
4/21/2023,5,3.5718
4/20/2023,5,3.5318
4/19/2023,5,3.5908
4/18/2023,5,3.5756
4/17/2023,5,3.6004
4/14/2023,5,3.5128
4/13/2023,5,3.4449
4/12/2023,5,3.3906
4/11/2023,5,3.4262
4/10/2023,5,3.4168
4/7/2023,5,3.3906
4/6/2023,5,3.305
4/5/2023,5,3.3108
4/4/2023,5,3.3387
4/3/2023,5,3.4114
3/31/2023,5,3.4676
3/30/2023,5,3.5488
3/29/2023,5,3.5639
3/28/2023,5,3.5696
3/27/2023,5,3.5299
3/24/2023,5,3.3762
3/23/2023,5,3.4266
3/22/2023,5,3.4341
3/21/2023,4.75,3.6094
3/20/2023,4.75,3.4847
3/17/2023,4.75,3.4286
3/16/2023,4.75,3.577
3/15/2023,4.75,3.4548
3/14/2023,4.75,3.6892
3/13/2023,4.75,3.5732
3/10/2023,4.75,3.6987
3/9/2023,4.75,3.9032
3/8/2023,4.75,3.9913
3/7/2023,4.75,3.9637
3/6/2023,4.75,3.9577
3/3/2023,4.75,3.9517
3/2/2023,4.75,4.0556
3/1/2023,4.75,3.9925
2/28/2023,4.75,3.92
2/27/2023,4.75,3.9141
2/24/2023,4.75,3.9432
2/23/2023,4.75,3.8768
2/22/2023,4.75,3.9156
2/21/2023,4.75,3.9525
2/20/2023,4.75,3.8148
2/17/2023,4.75,3.8148
2/16/2023,4.75,3.8608
2/15/2023,4.75,3.8049
2/14/2023,4.75,3.7435
2/13/2023,4.75,3.7016
2/10/2023,4.75,3.732
2/9/2023,4.75,3.6579
2/8/2023,4.75,3.6098
2/7/2023,4.75,3.6735
2/6/2023,4.75,3.6399
2/3/2023,4.75,3.5246
2/2/2023,4.75,3.3927
2/1/2023,4.75,3.4166
1/31/2023,4.5,3.5069
1/30/2023,4.5,3.5366
1/27/2023,4.5,3.5035
1/26/2023,4.5,3.4947
1/25/2023,4.5,3.4416
1/24/2023,4.5,3.4527
1/23/2023,4.5,3.5098
1/20/2023,4.5,3.4787
1/19/2023,4.5,3.3915
1/18/2023,4.5,3.3698
1/17/2023,4.5,3.5476
1/16/2023,4.5,3.5035
1/13/2023,4.5,3.5035
1/12/2023,4.5,3.44
1/11/2023,4.5,3.5392
1/10/2023,4.5,3.6188
1/9/2023,4.5,3.5321
1/6/2023,4.5,3.558
1/5/2023,4.5,3.7181
1/4/2023,4.5,3.6827
1/3/2023,4.5,3.7389
1/2/2023,4.5,3.8748
12/30/2022,4.5,3.8748
12/29/2022,4.5,3.8145
12/28/2022,4.5,3.8827
12/27/2022,4.5,3.8411
12/26/2022,4.5,3.7472
12/23/2022,4.5,3.7472
12/22/2022,4.5,3.6786
12/21/2022,4.5,3.662
12/20/2022,4.5,3.6825
12/19/2022,4.5,3.5846
12/16/2022,4.5,3.4822
12/15/2022,4.5,3.4463
12/14/2022,4.5,3.4774
12/13/2022,4,3.5012
12/12/2022,4,3.6113
12/9/2022,4,3.5783
12/8/2022,4,3.4819
12/7/2022,4,3.4169
12/6/2022,4,3.5314
12/5/2022,4,3.5736
12/2/2022,4,3.4862
12/1/2022,4,3.5048
11/30/2022,4,3.6054
11/29/2022,4,3.7441
11/28/2022,4,3.6812
11/25/2022,4,3.6776
11/24/2022,4,3.6927
11/23/2022,4,3.6927
11/22/2022,4,3.7559
11/21/2022,4,3.8269
11/18/2022,4,3.8288
11/17/2022,4,3.7657
11/16/2022,4,3.6899
11/15/2022,4,3.7696
11/14/2022,4,3.8536
11/11/2022,4,3.8125
11/10/2022,4,3.8125
11/9/2022,4,4.0923
11/8/2022,4,4.1234
11/7/2022,4,4.2135
11/4/2022,4,4.1584
11/3/2022,4,4.1469
11/2/2022,4,4.1005
11/1/2022,3.25,4.0419
10/31/2022,3.25,4.0478
10/28/2022,3.25,4.0123
10/27/2022,3.25,3.9187
10/26/2022,3.25,4.0028
10/25/2022,3.25,4.1021
10/24/2022,3.25,4.2424
10/21/2022,3.25,4.2167
10/20/2022,3.25,4.2283
10/19/2022,3.25,4.1335
10/18/2022,3.25,4.0066
10/17/2022,3.25,4.0104
10/14/2022,3.25,4.0184
10/13/2022,3.25,3.9435
10/12/2022,3.25,3.8962
10/11/2022,3.25,3.947
10/10/2022,3.25,3.8814
10/7/2022,3.25,3.8814
10/6/2022,3.25,3.8236
10/5/2022,3.25,3.7528
10/4/2022,3.25,3.6329
10/3/2022,3.25,3.6387
9/30/2022,3.25,3.8286
9/29/2022,3.25,3.7856
9/28/2022,3.25,3.7312
9/27/2022,3.25,3.9451
9/26/2022,3.25,3.9244
9/23/2022,3.25,3.6846
9/22/2022,3.25,3.7138
9/21/2022,3.25,3.5299
9/20/2022,2.5,3.563
9/19/2022,2.5,3.4905
9/16/2022,2.5,3.4494
9/15/2022,2.5,3.4489
9/14/2022,2.5,3.4043
9/13/2022,2.5,3.408
9/12/2022,2.5,3.3578
9/9/2022,2.5,3.3097
9/8/2022,2.5,3.317
9/7/2022,2.5,3.2635
9/6/2022,2.5,3.3492
9/5/2022,2.5,3.1894
9/2/2022,2.5,3.1894
9/1/2022,2.5,3.2533
8/31/2022,2.5,3.1926
8/30/2022,2.5,3.1025
8/29/2022,2.5,3.1024
8/26/2022,2.5,3.0409
8/25/2022,2.5,3.0258
8/24/2022,2.5,3.1039
8/23/2022,2.5,3.0461
8/22/2022,2.5,3.0146
8/19/2022,2.5,2.9721
8/18/2022,2.5,2.8822
8/17/2022,2.5,2.8968
8/16/2022,2.5,2.8041
8/15/2022,2.5,2.7878
8/12/2022,2.5,2.8312
8/11/2022,2.5,2.8876
8/10/2022,2.5,2.7809
8/9/2022,2.5,2.7773
8/8/2022,2.5,2.7572
8/5/2022,2.5,2.8268
8/4/2022,2.5,2.6883
8/3/2022,2.5,2.7046
8/2/2022,2.5,2.7483
8/1/2022,2.5,2.5732
7/29/2022,2.5,2.6487
7/28/2022,2.5,2.6759
7/27/2022,2.5,2.7849
7/26/2022,1.75,2.8068
7/25/2022,1.75,2.7959
7/22/2022,1.75,2.7504
7/21/2022,1.75,2.8747
7/20/2022,1.75,3.0265
7/19/2022,1.75,3.0209
7/18/2022,1.75,2.9855
7/15/2022,1.75,2.9152
7/14/2022,1.75,2.9595
7/13/2022,1.75,2.9336
7/12/2022,1.75,2.9687
7/11/2022,1.75,2.9928
7/8/2022,1.75,3.0803
7/7/2022,1.75,2.9945
7/6/2022,1.75,2.928
7/5/2022,1.75,2.8054
7/4/2022,1.75,2.8803
7/1/2022,1.75,2.8803
6/30/2022,1.75,3.0129
6/29/2022,1.75,3.0891
6/28/2022,1.75,3.1715
6/27/2022,1.75,3.1997
6/24/2022,1.75,3.1301
6/23/2022,1.75,3.087
6/22/2022,1.75,3.1561
6/21/2022,1.75,3.2749
6/20/2022,1.75,3.2256
6/17/2022,1.75,3.2256
6/16/2022,1.75,3.1952
6/15/2022,1.75,3.2839
6/14/2022,1,3.4733
6/13/2022,1,3.3598
6/10/2022,1,3.1555
6/9/2022,1,3.0418
6/8/2022,1,3.0215
6/7/2022,1,2.9736
6/6/2022,1,3.0399
6/3/2022,1,2.9332
6/2/2022,1,2.9076
6/1/2022,1,2.9058
5/31/2022,1,2.8441
5/30/2022,1,2.7378
5/27/2022,1,2.7378
5/26/2022,1,2.7469
5/25/2022,1,2.7452
5/24/2022,1,2.7506
5/23/2022,1,2.8514
5/20/2022,1,2.7811
5/19/2022,1,2.837
5/18/2022,1,2.884
5/17/2022,1,2.986
5/16/2022,1,2.8822
5/13/2022,1,2.9185
5/12/2022,1,2.8479
5/11/2022,1,2.9207
5/10/2022,1,2.9908
5/9/2022,1,3.0338
5/6/2022,1,3.1265
5/5/2022,1,3.0365
5/4/2022,1,2.9344
5/3/2022,0.5,2.9712
5/2/2022,0.5,2.9807
4/29/2022,0.5,2.9336
4/28/2022,0.5,2.8224
4/27/2022,0.5,2.8318
4/26/2022,0.5,2.7205
4/25/2022,0.5,2.8198
4/22/2022,0.5,2.8987
4/21/2022,0.5,2.9095
4/20/2022,0.5,2.832
4/19/2022,0.5,2.9361
4/18/2022,0.5,2.8527
4/15/2022,0.5,2.8275
4/14/2022,0.5,2.8275
4/13/2022,0.5,2.6987
4/12/2022,0.5,2.7213
4/11/2022,0.5,2.7801
4/8/2022,0.5,2.7
4/7/2022,0.5,2.6578
4/6/2022,0.5,2.5975
4/5/2022,0.5,2.5469
4/4/2022,0.5,2.3951
4/1/2022,0.5,2.3822
3/31/2022,0.5,2.338
3/30/2022,0.5,2.3488
3/29/2022,0.5,2.3944
3/28/2022,0.5,2.4585
3/25/2022,0.5,2.4731
3/24/2022,0.5,2.3718
3/23/2022,0.5,2.2917
3/22/2022,0.5,2.3825
3/21/2022,0.5,2.2896
3/18/2022,0.5,2.1494
3/17/2022,0.5,2.1706
3/16/2022,0.5,2.1849
3/15/2022,0.25,2.1437
3/14/2022,0.25,2.133
3/11/2022,0.25,1.9917
3/10/2022,0.25,1.9864
3/9/2022,0.25,1.9531
3/8/2022,0.25,1.8456
3/7/2022,0.25,1.7734
3/4/2022,0.25,1.7307
3/3/2022,0.25,1.8405
3/2/2022,0.25,1.8767
3/1/2022,0.25,1.7275
2/28/2022,0.25,1.825
2/25/2022,0.25,1.9617
2/24/2022,0.25,1.9633
2/23/2022,0.25,1.9912
2/22/2022,0.25,1.939
2/21/2022,0.25,1.9286
2/18/2022,0.25,1.9286
2/17/2022,0.25,1.9615
2/16/2022,0.25,2.0382
2/15/2022,0.25,2.0434
2/14/2022,0.25,1.9875
2/11/2022,0.25,1.9371
2/10/2022,0.25,2.0294
2/9/2022,0.25,1.9415
2/8/2022,0.25,1.9632
2/7/2022,0.25,1.9159
2/4/2022,0.25,1.9085
2/3/2022,0.25,1.8306
2/2/2022,0.25,1.7751
2/1/2022,0.25,1.7875
1/31/2022,0.25,1.7767
1/28/2022,0.25,1.7694
1/27/2022,0.25,1.7994
1/26/2022,0.25,1.8637
1/25/2022,0.25,1.7689
1/24/2022,0.25,1.7706
1/21/2022,0.25,1.7581
1/20/2022,0.25,1.804
1/19/2022,0.25,1.8646
1/18/2022,0.25,1.8735
1/17/2022,0.25,1.7841
1/14/2022,0.25,1.7841
1/13/2022,0.25,1.7041
1/12/2022,0.25,1.7428
1/11/2022,0.25,1.7357
1/10/2022,0.25,1.7603
1/7/2022,0.25,1.762
1/6/2022,0.25,1.7211
1/5/2022,0.25,1.7052
1/4/2022,0.25,1.6473
1/3/2022,0.25,1.628
12/31/2021,0.25,1.5101
12/30/2021,0.25,1.5083
12/29/2021,0.25,1.5496
12/28/2021,0.25,1.4807
12/27/2021,0.25,1.4756
12/24/2021,0.25,1.4927
12/23/2021,0.25,1.4927
12/22/2021,0.25,1.4515
12/21/2021,0.25,1.4617
12/20/2021,0.25,1.4225
12/17/2021,0.25,1.4021
12/16/2021,0.25,1.4106
12/15/2021,0.25,1.4565
12/14/2021,0.25,1.4411
12/13/2021,0.25,1.4156
12/10/2021,0.25,1.4837
12/9/2021,0.25,1.499
12/8/2021,0.25,1.5212
12/7/2021,0.25,1.4733
12/6/2021,0.25,1.4342
12/3/2021,0.25,1.343
12/2/2021,0.25,1.4443
12/1/2021,0.25,1.4037
11/30/2021,0.25,1.4443
11/29/2021,0.25,1.4987
11/26/2021,0.25,1.4731
11/25/2021,0.25,1.6341
11/24/2021,0.25,1.6341
11/23/2021,0.25,1.6651
11/22/2021,0.25,1.6236
11/19/2021,0.25,1.5462
11/18/2021,0.25,1.5855
11/17/2021,0.25,1.5889
11/16/2021,0.25,1.6335
11/15/2021,0.25,1.6145
11/12/2021,0.25,1.5613
11/11/2021,0.25,1.5493
11/10/2021,0.25,1.5493
11/9/2021,0.25,1.4358
11/8/2021,0.25,1.4897
11/5/2021,0.25,1.4513
11/4/2021,0.25,1.5262
11/3/2021,0.25,1.6034
11/2/2021,0.25,1.5488
11/1/2021,0.25,1.5557
10/29/2021,0.25,1.5521
10/28/2021,0.25,1.58
10/27/2021,0.25,1.5413
10/26/2021,0.25,1.6079
10/25/2021,0.25,1.6307
10/22/2021,0.25,1.6324
10/21/2021,0.25,1.7011
10/20/2021,0.25,1.6567
10/19/2021,0.25,1.6372
10/18/2021,0.25,1.6002
10/15/2021,0.25,1.5703
10/14/2021,0.25,1.5107
10/13/2021,0.25,1.5368
10/12/2021,0.25,1.5769
10/11/2021,0.25,1.6118
10/8/2021,0.25,1.6118
10/7/2021,0.25,1.5729
10/6/2021,0.25,1.5206
10/5/2021,0.25,1.5258
10/4/2021,0.25,1.4789
10/1/2021,0.25,1.4616
9/30/2021,0.25,1.4873
9/29/2021,0.25,1.5167
9/28/2021,0.25,1.5374
9/27/2021,0.25,1.4871
9/24/2021,0.25,1.4509
9/23/2021,0.25,1.4301
9/22/2021,0.25,1.3006
9/21/2021,0.25,1.3226
9/20/2021,0.25,1.3107
9/17/2021,0.25,1.3616
9/16/2021,0.25,1.3378
9/15/2021,0.25,1.2988
9/14/2021,0.25,1.2836
9/13/2021,0.25,1.3259
9/10/2021,0.25,1.3411
9/9/2021,0.25,1.2971
9/8/2021,0.25,1.3376
9/7/2021,0.25,1.3732
9/6/2021,0.25,1.3223
9/3/2021,0.25,1.3223
9/2/2021,0.25,1.2835
9/1/2021,0.25,1.2936
8/31/2021,0.25,1.3088
8/30/2021,0.25,1.2785
8/27/2021,0.25,1.307
8/26/2021,0.25,1.3491
8/25/2021,0.25,1.339
8/24/2021,0.25,1.2935
8/23/2021,0.25,1.2517
8/20/2021,0.25,1.255
8/19/2021,0.25,1.2433
8/18/2021,0.25,1.2583
8/17/2021,0.25,1.2617
8/16/2021,0.25,1.265
8/13/2021,0.25,1.2767
8/12/2021,0.25,1.359
8/11/2021,0.25,1.3303
8/10/2021,0.25,1.349
8/9/2021,0.25,1.3237
8/6/2021,0.25,1.2969
8/5/2021,0.25,1.2235
8/4/2021,0.25,1.182
8/3/2021,0.25,1.1722
8/2/2021,0.25,1.1773
7/30/2021,0.25,1.2223
7/29/2021,0.25,1.2693
7/28/2021,0.25,1.2327
7/27/2021,0.25,1.2411
7/26/2021,0.25,1.2896
7/23/2021,0.25,1.2763
7/22/2021,0.25,1.2783
7/21/2021,0.25,1.2884
7/20/2021,0.25,1.2218
7/19/2021,0.25,1.1888
7/16/2021,0.25,1.2903
7/15/2021,0.25,1.2989
7/14/2021,0.25,1.3459
7/13/2021,0.25,1.4166
7/12/2021,0.25,1.3645
7/9/2021,0.25,1.3595
7/8/2021,0.25,1.2928
7/7/2021,0.25,1.3163
7/6/2021,0.25,1.3481
7/5/2021,0.25,1.4238
7/2/2021,0.25,1.4238
7/1/2021,0.25,1.4578
6/30/2021,0.25,1.468
6/29/2021,0.25,1.4697
6/28/2021,0.25,1.4765
6/25/2021,0.25,1.5241
6/24/2021,0.25,1.4919
6/23/2021,0.25,1.4852
6/22/2021,0.25,1.4632
6/21/2021,0.25,1.4886
6/18/2021,0.25,1.4381
6/17/2021,0.25,1.504
6/16/2021,0.25,1.5754
6/15/2021,0.25,1.4922
6/14/2021,0.25,1.494
6/11/2021,0.25,1.4518
6/10/2021,0.25,1.4318
6/9/2021,0.25,1.4908
6/8/2021,0.25,1.5331
6/7/2021,0.25,1.5687
6/4/2021,0.25,1.5534
6/3/2021,0.25,1.625
6/2/2021,0.25,1.5875
6/1/2021,0.25,1.6062
5/31/2021,0.25,1.5943
5/28/2021,0.25,1.5943
5/27/2021,0.25,1.6062
5/26/2021,0.25,1.5757
5/25/2021,0.25,1.5588
5/24/2021,0.25,1.6012
5/21/2021,0.25,1.6216
5/20/2021,0.25,1.625
5/19/2021,0.25,1.671
5/18/2021,0.25,1.6369
5/17/2021,0.25,1.6488
5/14/2021,0.25,1.6284
5/13/2021,0.25,1.6574
5/12/2021,0.25,1.6916
5/11/2021,0.25,1.6217
5/10/2021,0.25,1.602
5/7/2021,0.25,1.5771
5/6/2021,0.25,1.5696
5/5/2021,0.25,1.566
5/4/2021,0.25,1.5924
5/3/2021,0.25,1.5976
4/30/2021,0.25,1.6259
4/29/2021,0.25,1.6343
4/28/2021,0.25,1.6094
4/27/2021,0.25,1.6216
4/26/2021,0.25,1.5667
4/23/2021,0.25,1.5577
4/22/2021,0.25,1.538
4/21/2021,0.25,1.5555
4/20/2021,0.25,1.5589
4/19/2021,0.25,1.6047
4/16/2021,0.25,1.5798
4/15/2021,0.25,1.5759
4/14/2021,0.25,1.6323
4/13/2021,0.25,1.6145
4/12/2021,0.25,1.6657
4/9/2021,0.25,1.6585
4/8/2021,0.25,1.6192
4/7/2021,0.25,1.6739
4/6/2021,0.25,1.656
4/5/2021,0.25,1.7003
4/2/2021,0.25,1.7216
4/1/2021,0.25,1.6699
3/31/2021,0.25,1.7404
3/30/2021,0.25,1.7029
3/29/2021,0.25,1.7081
3/26/2021,0.25,1.676
3/25/2021,0.25,1.6332
3/24/2021,0.25,1.6084
3/23/2021,0.25,1.6206
3/22/2021,0.25,1.6946
3/19/2021,0.25,1.721
3/18/2021,0.25,1.7082
3/17/2021,0.25,1.6427
3/16/2021,0.25,1.6179
3/15/2021,0.25,1.6055
3/12/2021,0.25,1.6247
3/11/2021,0.25,1.537
3/10/2021,0.25,1.5178
3/9/2021,0.25,1.5263
3/8/2021,0.25,1.5907
3/5/2021,0.25,1.5661
3/4/2021,0.25,1.564
3/3/2021,0.25,1.4808
3/2/2021,0.25,1.3914
3/1/2021,0.25,1.417
2/26/2021,0.25,1.4049
2/25/2021,0.25,1.5199
2/24/2021,0.25,1.3756
2/23/2021,0.25,1.3416
2/22/2021,0.25,1.3653
2/19/2021,0.25,1.3364
2/18/2021,0.25,1.2956
2/17/2021,0.25,1.2703
2/16/2021,0.25,1.3141
2/15/2021,0.25,1.2082
2/12/2021,0.25,1.2082
2/11/2021,0.25,1.1632
2/10/2021,0.25,1.1225
2/9/2021,0.25,1.1568
2/8/2021,0.25,1.1705
2/5/2021,0.25,1.1635
2/4/2021,0.25,1.1392
2/3/2021,0.25,1.1374
2/2/2021,0.25,1.0963
2/1/2021,0.25,1.0792
1/29/2021,0.25,1.0655
1/28/2021,0.25,1.0449
1/27/2021,0.25,1.0161
1/26/2021,0.25,1.0347
1/25/2021,0.25,1.0295
1/22/2021,0.25,1.0855
1/21/2021,0.25,1.1058
1/20/2021,0.25,1.0802
1/19/2021,0.25,1.0886
1/18/2021,0.25,1.0835
1/15/2021,0.25,1.0835
1/14/2021,0.25,1.1292
1/13/2021,0.25,1.0832
1/12/2021,0.25,1.1291
1/11/2021,0.25,1.146
1/8/2021,0.25,1.1153
1/7/2021,0.25,1.0795
1/6/2021,0.25,1.0355
1/5/2021,0.25,0.9549
1/4/2021,0.25,0.9132
1/1/2021,0.25,0.9132
12/31/2020,0.25,0.9132
12/30/2020,0.25,0.9231
12/29/2020,0.25,0.9364
12/28/2020,0.25,0.9231
12/25/2020,0.25,0.9231
12/24/2020,0.25,0.9231
12/23/2020,0.25,0.943
12/22/2020,0.25,0.9164
12/21/2020,0.25,0.9346
12/18/2020,0.25,0.9462
12/17/2020,0.25,0.9329
12/16/2020,0.25,0.9163
12/15/2020,0.25,0.908
12/14/2020,0.25,0.8931
12/11/2020,0.25,0.8964
12/10/2020,0.25,0.9063
12/9/2020,0.25,0.9361
12/8/2020,0.25,0.9179
12/7/2020,0.25,0.9228
12/4/2020,0.25,0.9659
12/3/2020,0.25,0.9063
12/2/2020,0.25,0.936
12/1/2020,0.25,0.926
11/30/2020,0.25,0.8389
11/27/2020,0.25,0.8373
11/26/2020,0.25,0.8816
11/25/2020,0.25,0.8816
11/24/2020,0.25,0.8799
11/23/2020,0.25,0.8537
11/20/2020,0.25,0.8243
11/19/2020,0.25,0.8293
11/18/2020,0.25,0.8701
11/17/2020,0.25,0.857
11/16/2020,0.25,0.9061
11/13/2020,0.25,0.8963
11/12/2020,0.25,0.8815
11/11/2020,0.25,0.9753
11/10/2020,0.25,0.9595
11/9/2020,0.25,0.9235
11/6/2020,0.25,0.8185
11/5/2020,0.25,0.7629
11/4/2020,0.25,0.7629
11/3/2020,0.25,0.8993
11/2/2020,0.25,0.8434
10/30/2020,0.25,0.8737
10/29/2020,0.25,0.823
10/28/2020,0.25,0.771
10/27/2020,0.25,0.7676
10/26/2020,0.25,0.801
10/23/2020,0.25,0.8429
10/22/2020,0.25,0.8562
10/21/2020,0.25,0.8226
10/20/2020,0.25,0.7857
10/19/2020,0.25,0.769
10/16/2020,0.25,0.7456
10/15/2020,0.25,0.7322
10/14/2020,0.25,0.7256
10/13/2020,0.25,0.7272
10/12/2020,0.25,0.7737
10/9/2020,0.25,0.7737
10/8/2020,0.25,0.7852
10/7/2020,0.25,0.7868
10/6/2020,0.25,0.7353
10/5/2020,0.25,0.7817
10/2/2020,0.25,0.7005
10/1/2020,0.25,0.6774
9/30/2020,0.25,0.684
9/29/2020,0.25,0.6495
9/28/2020,0.25,0.6528
9/25/2020,0.25,0.6544
9/24/2020,0.25,0.6659
9/23/2020,0.25,0.6724
9/22/2020,0.25,0.6708
9/21/2020,0.25,0.6658
9/18/2020,0.25,0.6937
9/17/2020,0.25,0.6887
9/16/2020,0.25,0.6969
9/15/2020,0.25,0.6789
9/14/2020,0.25,0.6723
9/11/2020,0.25,0.6658
9/10/2020,0.25,0.6772
9/9/2020,0.25,0.7001
9/8/2020,0.25,0.6788
9/7/2020,0.25,0.718
9/4/2020,0.25,0.718
9/3/2020,0.25,0.6347
9/2/2020,0.25,0.6477
9/1/2020,0.25,0.6689
8/31/2020,0.25,0.7048
8/28/2020,0.25,0.7211
8/27/2020,0.25,0.7522
8/26/2020,0.25,0.6884
8/25/2020,0.25,0.6835
8/24/2020,0.25,0.6542
8/21/2020,0.25,0.6282
8/20/2020,0.25,0.6509
8/19/2020,0.25,0.6801
8/18/2020,0.25,0.6687
8/17/2020,0.25,0.6882
8/14/2020,0.25,0.7094
8/13/2020,0.25,0.7208
8/12/2020,0.25,0.6747
8/11/2020,0.25,0.6415
8/10/2020,0.25,0.5755
8/7/2020,0.25,0.564
8/6/2020,0.25,0.5362
8/5/2020,0.25,0.5477
8/4/2020,0.25,0.5069
8/3/2020,0.25,0.5543
7/31/2020,0.25,0.5282
7/30/2020,0.25,0.5462
7/29/2020,0.25,0.5741
7/28/2020,0.25,0.579
7/27/2020,0.25,0.6151
7/24/2020,0.25,0.5888
7/23/2020,0.25,0.5774
7/22/2020,0.25,0.5971
7/21/2020,0.25,0.6004
7/20/2020,0.25,0.6102
7/17/2020,0.25,0.6266
7/16/2020,0.25,0.6168
7/15/2020,0.25,0.6299
7/14/2020,0.25,0.6233
7/13/2020,0.25,0.6184
7/10/2020,0.25,0.6447
7/9/2020,0.25,0.6135
7/8/2020,0.25,0.6644
7/7/2020,0.25,0.6397
7/6/2020,0.25,0.6759
7/3/2020,0.25,0.6693
7/2/2020,0.25,0.6693
7/1/2020,0.25,0.6758
6/30/2020,0.25,0.6561
6/29/2020,0.25,0.6234
6/26/2020,0.25,0.6413
6/25/2020,0.25,0.6856
6/24/2020,0.25,0.679
6/23/2020,0.25,0.7118
6/22/2020,0.25,0.7085
6/19/2020,0.25,0.6937
6/18/2020,0.25,0.7084
6/17/2020,0.25,0.738
6/16/2020,0.25,0.7528
6/15/2020,0.25,0.7215
6/12/2020,0.25,0.7034
6/11/2020,0.25,0.669
6/10/2020,0.25,0.7263
6/9/2020,0.25,0.8253
6/8/2020,0.25,0.8752
6/5/2020,0.25,0.8951
6/4/2020,0.25,0.8234
6/3/2020,0.25,0.7458
6/2/2020,0.25,0.6852
6/1/2020,0.25,0.6591
5/29/2020,0.25,0.6526
5/28/2020,0.25,0.69
5/27/2020,0.25,0.6819
5/26/2020,0.25,0.6965
5/25/2020,0.25,0.6591
5/22/2020,0.25,0.6591
5/21/2020,0.25,0.672
5/20/2020,0.25,0.6801
5/19/2020,0.25,0.6882
5/18/2020,0.25,0.7257
5/15/2020,0.25,0.6428
5/14/2020,0.25,0.6218
5/13/2020,0.25,0.6525
5/12/2020,0.25,0.6651
5/11/2020,0.25,0.7099
5/8/2020,0.25,0.6831
5/7/2020,0.25,0.6409
5/6/2020,0.25,0.703
5/5/2020,0.25,0.6619
5/4/2020,0.25,0.6336
5/1/2020,0.25,0.6118
4/30/2020,0.25,0.6393
4/29/2020,0.25,0.6269
4/28/2020,0.25,0.6129
4/27/2020,0.25,0.6605
4/24/2020,0.25,0.6008
4/23/2020,0.25,0.6015
4/22/2020,0.25,0.619
4/21/2020,0.25,0.5691
4/20/2020,0.25,0.6053
4/17/2020,0.25,0.6417
4/16/2020,0.25,0.6267
4/15/2020,0.25,0.6316
4/14/2020,0.25,0.752
4/13/2020,0.25,0.7713
4/10/2020,0.25,0.7191
4/9/2020,0.25,0.7191
4/8/2020,0.25,0.7722
4/7/2020,0.25,0.7122
4/6/2020,0.25,0.6698
4/3/2020,0.25,0.5948
4/2/2020,0.25,0.597
4/1/2020,0.25,0.5832
3/31/2020,0.25,0.6695
3/30/2020,0.25,0.7264
3/27/2020,0.25,0.6746
3/26/2020,0.25,0.8447
3/25/2020,0.25,0.8673
3/24/2020,0.25,0.8466
3/23/2020,0.25,0.7863
3/20/2020,0.25,0.8454
3/19/2020,0.25,1.1404
3/18/2020,0.25,1.1915
3/17/2020,0.25,1.0784
3/16/2020,0.25,0.7182
3/13/2020,1.25,0.9603
3/12/2020,1.25,0.8042
3/11/2020,1.25,0.8695
3/10/2020,1.25,0.803
3/9/2020,1.25,0.5407
3/6/2020,1.25,0.7623
3/5/2020,1.25,0.912
3/4/2020,1.25,1.0522
3/3/2020,1.25,0.999
3/2/2020,1.75,1.1632
2/28/2020,1.75,1.1486
2/27/2020,1.75,1.2607
2/26/2020,1.75,1.3371
2/25/2020,1.75,1.3521
2/24/2020,1.75,1.3705
2/21/2020,1.75,1.4713
2/20/2020,1.75,1.5152
2/19/2020,1.75,1.5661
2/18/2020,1.75,1.561
2/17/2020,1.75,1.5848
2/14/2020,1.75,1.5848
2/13/2020,1.75,1.6173
2/12/2020,1.75,1.6333
2/11/2020,1.75,1.6006
2/10/2020,1.75,1.5696
2/7/2020,1.75,1.5834
2/6/2020,1.75,1.6422
2/5/2020,1.75,1.6508
2/4/2020,1.75,1.5991
2/3/2020,1.75,1.5272
1/31/2020,1.75,1.5068
1/30/2020,1.75,1.5856
1/29/2020,1.75,1.5839
1/28/2020,1.75,1.6562
1/27/2020,1.75,1.608
1/24/2020,1.75,1.6839
1/23/2020,1.75,1.7325
1/22/2020,1.75,1.7691
1/21/2020,1.75,1.7743
1/20/2020,1.75,1.8215
1/17/2020,1.75,1.8215
1/16/2020,1.75,1.8074
1/15/2020,1.75,1.783
1/14/2020,1.75,1.8109
1/13/2020,1.75,1.8459
1/10/2020,1.75,1.8196
1/9/2020,1.75,1.8545
1/8/2020,1.75,1.8738
1/7/2020,1.75,1.8177
1/6/2020,1.75,1.809
1/3/2020,1.75,1.7881
1/2/2020,1.75,1.8771
1/1/2020,1.75,1.9175
12/31/2019,1.75,1.9175
12/30/2019,1.75,1.8788
12/27/2019,1.75,1.8752
12/26/2019,1.75,1.8944
12/25/2019,1.75,1.8996
12/24/2019,1.75,1.8996
12/23/2019,1.75,1.9294
12/20/2019,1.75,1.9171
12/19/2019,1.75,1.9204
12/18/2019,1.75,1.9169
12/17/2019,1.75,1.8801
12/16/2019,1.75,1.8713
12/13/2019,1.75,1.8226
12/12/2019,1.75,1.8922
12/11/2019,1.75,1.7914
12/10/2019,1.75,1.8416
12/9/2019,1.75,1.819
12/6/2019,1.75,1.8363
12/5/2019,1.75,1.8103
12/4/2019,1.75,1.774
12/3/2019,1.75,1.7157
12/2/2019,1.75,1.8189
11/29/2019,1.75,1.7758
11/28/2019,1.75,1.7654
11/27/2019,1.75,1.7654
11/26/2019,1.75,1.7414
11/25/2019,1.75,1.7551
11/22/2019,1.75,1.7706
11/21/2019,1.75,1.7723
11/20/2019,1.75,1.7449
11/19/2019,1.75,1.7826
11/18/2019,1.75,1.8153
11/15/2019,1.75,1.8308
11/14/2019,1.75,1.8186
11/13/2019,1.75,1.886
11/12/2019,1.75,1.9347
11/11/2019,1.75,1.9417
11/8/2019,1.75,1.9417
11/7/2019,1.75,1.9173
11/6/2019,1.75,1.8283
11/5/2019,1.75,1.8584
11/4/2019,1.75,1.777
11/1/2019,1.75,1.7103
10/31/2019,1.75,1.691
10/30/2019,1.75,1.7715
10/29/2019,2,1.8385
10/28/2019,2,1.842
10/25/2019,2,1.7943
10/24/2019,2,1.766
10/23/2019,2,1.7642
10/22/2019,2,1.7607
10/21/2019,2,1.7993
10/18/2019,2,1.7536
10/17/2019,2,1.7518
10/16/2019,2,1.7395
10/15/2019,2,1.771
10/14/2019,2,1.729
10/11/2019,2,1.729
10/10/2019,2,1.6681
10/9/2019,2,1.5836
10/8/2019,2,1.5289
10/7/2019,2,1.558
10/4/2019,2,1.529
10/3/2019,2,1.5341
10/2/2019,2,1.5992
10/1/2019,2,1.6353
9/30/2019,2,1.6646
9/27/2019,2,1.6801
9/26/2019,2,1.6921
9/25/2019,2,1.7372
9/24/2019,2,1.6456
9/23/2019,2,1.7267
9/20/2019,2,1.7215
9/19/2019,2,1.784
9/18/2019,2,1.7961
9/17/2019,2.25,1.8013
9/16/2019,2.25,1.8467
9/13/2019,2.25,1.8958
9/12/2019,2.25,1.7715
9/11/2019,2.25,1.7385
9/10/2019,2.25,1.7316
9/9/2019,2.25,1.6438
9/6/2019,2.25,1.5602
9/5/2019,2.25,1.5586
9/4/2019,2.25,1.4657
9/3/2019,2.25,1.4573
9/2/2019,2.25,1.4961
8/30/2019,2.25,1.4961
8/29/2019,2.25,1.4945
8/28/2019,2.25,1.4794
8/27/2019,2.25,1.4711
8/26/2019,2.25,1.5351
8/23/2019,2.25,1.5351
8/22/2019,2.25,1.6131
8/21/2019,2.25,1.5893
8/20/2019,2.25,1.5555
8/19/2019,2.25,1.6063
8/16/2019,2.25,1.5538
8/15/2019,2.25,1.5269
8/14/2019,2.25,1.5792
8/13/2019,2.25,1.7035
8/12/2019,2.25,1.6454
8/9/2019,2.25,1.7447
8/8/2019,2.25,1.7172
8/7/2019,2.25,1.7342
8/6/2019,2.25,1.7023
8/5/2019,2.25,1.7075
8/2/2019,2.25,1.8452
8/1/2019,2.25,1.8935
7/31/2019,2.25,2.0144
7/30/2019,2.5,2.058
7/29/2019,2.5,2.065
7/26/2019,2.5,2.0703
7/25/2019,2.5,2.081
7/24/2019,2.5,2.0428
7/23/2019,2.5,2.0812
7/22/2019,2.5,2.0464
7/19/2019,2.5,2.0552
7/18/2019,2.5,2.0242
7/17/2019,2.5,2.0451
7/16/2019,2.5,2.1026
7/15/2019,2.5,2.0887
7/12/2019,2.5,2.1219
7/11/2019,2.5,2.1378
7/10/2019,2.5,2.0613
7/9/2019,2.5,2.0648
7/8/2019,2.5,2.0476
7/5/2019,2.5,2.0338
7/4/2019,2.5,1.9498
7/3/2019,2.5,1.9498
7/2/2019,2.5,1.974
7/1/2019,2.5,2.024
6/28/2019,2.5,2.0051
6/27/2019,2.5,2.014
6/26/2019,2.5,2.0468
6/25/2019,2.5,1.985
6/24/2019,2.5,2.0143
6/21/2019,2.5,2.054
6/20/2019,2.5,2.0284
6/19/2019,2.5,2.0233
6/18/2019,2.5,2.0595
6/17/2019,2.5,2.0942
6/14/2019,2.5,2.0804
6/13/2019,2.5,2.0945
6/12/2019,2.5,2.1205
6/11/2019,2.5,2.1431
6/10/2019,2.5,2.1484
6/7/2019,2.5,2.0809
6/6/2019,2.5,2.1174
6/5/2019,2.5,2.1348
6/4/2019,2.5,2.1296
6/3/2019,2.5,2.071
5/31/2019,2.5,2.1246
5/30/2019,2.5,2.2133
5/29/2019,2.5,2.2605
5/28/2019,2.5,2.2658
5/27/2019,2.5,2.3202
5/24/2019,2.5,2.3202
5/23/2019,2.5,2.3185
5/22/2019,2.5,2.382
5/21/2019,2.5,2.4264
5/20/2019,2.5,2.4157
5/17/2019,2.5,2.3909
5/16/2019,2.5,2.3944
5/15/2019,2.5,2.3732
5/14/2019,2.5,2.4104
5/13/2019,2.5,2.4015
5/10/2019,2.5,2.4672
5/9/2019,2.5,2.4423
5/8/2019,2.5,2.4835
5/7/2019,2.5,2.4566
5/6/2019,2.5,2.4692
5/3/2019,2.5,2.525
5/2/2019,2.5,2.5414
5/1/2019,2.5,2.4999
4/30/2019,2.5,2.5018
4/29/2019,2.5,2.5252
4/26/2019,2.5,2.4982
4/25/2019,2.5,2.5325
4/24/2019,2.5,2.5181
4/23/2019,2.5,2.565
4/22/2019,2.5,2.5885
4/19/2019,2.5,2.5596
4/18/2019,2.5,2.5596
4/17/2019,2.5,2.594
4/16/2019,2.5,2.5904
4/15/2019,2.5,2.5543
4/12/2019,2.5,2.5651
4/11/2019,2.5,2.497
4/10/2019,2.5,2.4649
4/9/2019,2.5,2.5006
4/8/2019,2.5,2.5222
4/5/2019,2.5,2.4954
4/4/2019,2.5,2.5151
4/3/2019,2.5,2.5241
4/2/2019,2.5,2.4741
4/1/2019,2.5,2.5009
3/29/2019,2.5,2.405
3/28/2019,2.5,2.3946
3/27/2019,2.5,2.3665
3/26/2019,2.5,2.423
3/25/2019,2.5,2.3983
3/22/2019,2.5,2.439
3/21/2019,2.5,2.5369
3/20/2019,2.5,2.5263
3/19/2019,2.5,2.6123
3/18/2019,2.5,2.6033
3/15/2019,2.5,2.5871
3/14/2019,2.5,2.6303
3/13/2019,2.5,2.6213
3/12/2019,2.5,2.6015
3/11/2019,2.5,2.6393
3/8/2019,2.5,2.6285
3/7/2019,2.5,2.6393
3/6/2019,2.5,2.6934
3/5/2019,2.5,2.7169
3/4/2019,2.5,2.7223
3/1/2019,2.5,2.7531
2/28/2019,2.5,2.715
2/27/2019,2.5,2.6825
2/26/2019,2.5,2.6357
2/25/2019,2.5,2.6626
2/22/2019,2.5,2.6518
2/21/2019,2.5,2.6914
2/20/2019,2.5,2.6447
2/19/2019,2.5,2.6339
2/18/2019,2.5,2.6626
2/15/2019,2.5,2.6626
2/14/2019,2.5,2.6536
2/13/2019,2.5,2.7021
2/12/2019,2.5,2.6877
2/11/2019,2.5,2.6536
2/8/2019,2.5,2.6339
2/7/2019,2.5,2.6572
2/6/2019,2.5,2.6946
2/5/2019,2.5,2.6983
2/4/2019,2.5,2.7235
2/1/2019,2.5,2.6842
1/31/2019,2.5,2.6293
1/30/2019,2.5,2.6775
1/29/2019,2.5,2.7098
1/28/2019,2.5,2.744
1/25/2019,2.5,2.7585
1/24/2019,2.5,2.7157
1/23/2019,2.5,2.7409
1/22/2019,2.5,2.7392
1/21/2019,2.5,2.7842
1/18/2019,2.5,2.7842
1/17/2019,2.5,2.7504
1/16/2019,2.5,2.7218
1/15/2019,2.5,2.7112
1/14/2019,2.5,2.7024
1/11/2019,2.5,2.7007
1/10/2019,2.5,2.7421
1/9/2019,2.5,2.71
1/8/2019,2.5,2.728
1/7/2019,2.5,2.696
1/4/2019,2.5,2.6677
1/3/2019,2.5,2.5535
1/2/2019,2.5,2.6204
1/1/2019,2.5,2.6842
12/31/2018,2.5,2.6842
12/28/2018,2.5,2.7182
12/27/2018,2.5,2.7666
12/26/2018,2.5,2.8079
12/25/2018,2.5,2.7383
12/24/2018,2.5,2.7383
12/21/2018,2.5,2.7902
12/20/2018,2.5,2.8065
12/19/2018,2.5,2.7548
12/18/2018,2.25,2.8175
12/17/2018,2.25,2.857
12/14/2018,2.25,2.8895
12/13/2018,2.25,2.9131
12/12/2018,2.25,2.9096
12/11/2018,2.25,2.879
12/10/2018,2.25,2.8575
12/7/2018,2.25,2.845
12/6/2018,2.25,2.8955
12/5/2018,2.25,2.9136
12/4/2018,2.25,2.9136
12/3/2018,2.25,2.9697
11/30/2018,2.25,2.9879
11/29/2018,2.25,3.0298
11/28/2018,2.25,3.059
11/27/2018,2.25,3.0572
11/26/2018,2.25,3.0535
11/23/2018,2.25,3.039
11/22/2018,2.25,3.0627
11/21/2018,2.25,3.0627
11/20/2018,2.25,3.0628
11/19/2018,2.25,3.0628
11/16/2018,2.25,3.0628
11/15/2018,2.25,3.1103
11/14/2018,2.25,3.125
11/13/2018,2.25,3.1397
11/12/2018,2.25,3.1819
11/9/2018,2.25,3.1819
11/8/2018,2.25,3.2373
11/7/2018,2.25,3.2355
11/6/2018,2.25,3.2276
11/5/2018,2.25,3.2008
11/2/2018,2.25,3.2121
11/1/2018,2.25,3.1303
10/31/2018,2.25,3.1435
10/30/2018,2.25,3.1227
10/29/2018,2.25,3.0849
10/26/2018,2.25,3.0755
10/25/2018,2.25,3.1167
10/24/2018,2.25,3.1035
10/23/2018,2.25,3.1676
10/22/2018,2.25,3.1978
10/19/2018,2.25,3.1921
10/18/2018,2.25,3.1786
10/17/2018,2.25,3.205
10/16/2018,2.25,3.1633
10/15/2018,2.25,3.1557
10/12/2018,2.25,3.1613
10/11/2018,2.25,3.1498
10/10/2018,2.25,3.1629
10/9/2018,2.25,3.2063
10/8/2018,2.25,3.2328
10/5/2018,2.25,3.2328
10/4/2018,2.25,3.187
10/3/2018,2.25,3.1813
10/2/2018,2.25,3.0631
10/1/2018,2.25,3.0836
9/28/2018,2.25,3.0612
9/27/2018,2.25,3.0518
9/26/2018,2.25,3.048
9/25/2018,2,3.0964
9/24/2018,2,3.0889
9/21/2018,2,3.0628
9/20/2018,2,3.0626
9/19/2018,2,3.0626
9/18/2018,2,3.0551
9/17/2018,2,2.9867
9/14/2018,2,2.9959
9/13/2018,2,2.97
9/12/2018,2,2.9626
9/11/2018,2,2.9755
9/10/2018,2,2.9314
9/7/2018,2,2.9388
9/6/2018,2,2.8731
9/5/2018,2,2.9022
9/4/2018,2,2.8985
9/3/2018,2,2.8604
8/31/2018,2,2.8604
8/30/2018,2,2.855
8/29/2018,2,2.884
8/28/2018,2,2.8804
8/27/2018,2,2.8459
8/24/2018,2,2.8098
8/23/2018,2,2.8261
8/22/2018,2,2.8189
8/21/2018,2,2.8298
8/20/2018,2,2.819
8/17/2018,2,2.8605
8/16/2018,2,2.8659
8/15/2018,2,2.8623
8/14/2018,2,2.8985
8/13/2018,2,2.8786
8/10/2018,2,2.8732
8/9/2018,2,2.9258
8/8/2018,2,2.96
8/7/2018,2,2.973
8/6/2018,2,2.9395
8/3/2018,2,2.9488
8/2/2018,2,2.9859
8/1/2018,2,3.0064
7/31/2018,2,2.9598
7/30/2018,2,2.9728
7/27/2018,2,2.9542
7/26/2018,2,2.9764
7/25/2018,2,2.9746
7/24/2018,2,2.9486
7/23/2018,2,2.9541
7/20/2018,2,2.8931
7/19/2018,2,2.838
7/18/2018,2,2.8692
7/17/2018,2,2.86
7/16/2018,2,2.8582
7/13/2018,2,2.8271
7/12/2018,2,2.8454
7/11/2018,2,2.8491
7/10/2018,2,2.8491
7/9/2018,2,2.8564
7/6/2018,2,2.8217
7/5/2018,2,2.8291
7/4/2018,2,2.8309
7/3/2018,2,2.8309
7/2/2018,2,2.8711
6/29/2018,2,2.8601
6/28/2018,2,2.8365
6/27/2018,2,2.8256
6/26/2018,2,2.8766
6/25/2018,2,2.8803
6/22/2018,2,2.8949
6/21/2018,2,2.8967
6/20/2018,2,2.9389
6/19/2018,2,2.8967
6/18/2018,2,2.9169
6/15/2018,2,2.9205
6/14/2018,2,2.9351
6/13/2018,2,2.9663
6/12/2018,1.75,2.9608
6/11/2018,1.75,2.9516
6/8/2018,1.75,2.9461
6/7/2018,1.75,2.9204
6/6/2018,1.75,2.9717
6/5/2018,1.75,2.9277
6/4/2018,1.75,2.9424
6/1/2018,1.75,2.9022
5/31/2018,1.75,2.8586
5/30/2018,1.75,2.855
5/29/2018,1.75,2.781
5/28/2018,1.75,2.9313
5/25/2018,1.75,2.9313
5/24/2018,1.75,2.977
5/23/2018,1.75,2.9935
5/22/2018,1.75,3.0597
5/21/2018,1.75,3.0596
5/18/2018,1.75,3.0559
5/17/2018,1.75,3.1112
5/16/2018,1.75,3.0964
5/15/2018,1.75,3.0723
5/14/2018,1.75,3.0024
5/11/2018,1.75,2.9695
5/10/2018,1.75,2.9622
5/9/2018,1.75,3.0042
5/8/2018,1.75,2.976
5/7/2018,1.75,2.9497
5/4/2018,1.75,2.9497
5/3/2018,1.75,2.9458
5/2/2018,1.75,2.9663
5/1/2018,1.75,2.9644
4/30/2018,1.75,2.9531
4/27/2018,1.75,2.9568
4/26/2018,1.75,2.9809
4/25/2018,1.75,3.0259
4/24/2018,1.75,2.9995
4/23/2018,1.75,2.9752
4/20/2018,1.75,2.9602
4/19/2018,1.75,2.9098
4/18/2018,1.75,2.8728
4/17/2018,1.75,2.8285
4/16/2018,1.75,2.8267
4/13/2018,1.75,2.8267
4/12/2018,1.75,2.8358
4/11/2018,1.75,2.7808
4/10/2018,1.75,2.8009
4/9/2018,1.75,2.779
4/6/2018,1.75,2.7735
4/5/2018,1.75,2.832
4/4/2018,1.75,2.8027
4/3/2018,1.75,2.7753
4/2/2018,1.75,2.7298
3/30/2018,1.75,2.7389
3/29/2018,1.75,2.7389
3/28/2018,1.75,2.7807
3/27/2018,1.75,2.7753
3/26/2018,1.75,2.852
3/23/2018,1.75,2.8135
3/22/2018,1.75,2.8244
3/21/2018,1.75,2.883
3/20/2018,1.5,2.8959
3/19/2018,1.5,2.8555
3/16/2018,1.5,2.8445
3/15/2018,1.5,2.828
3/14/2018,1.5,2.817
3/13/2018,1.5,2.8426
3/12/2018,1.5,2.8681
3/9/2018,1.5,2.8938
3/8/2018,1.5,2.8571
3/7/2018,1.5,2.8827
3/6/2018,1.5,2.8863
3/5/2018,1.5,2.8808
3/2/2018,1.5,2.8643
3/1/2018,1.5,2.8078
2/28/2018,1.5,2.8606
2/27/2018,1.5,2.8934
2/26/2018,1.5,2.8623
2/23/2018,1.5,2.866
2/22/2018,1.5,2.9207
2/21/2018,1.5,2.95
2/20/2018,1.5,2.8896
2/19/2018,1.5,2.8749
2/16/2018,1.5,2.8749
2/15/2018,1.5,2.9095
2/14/2018,1.5,2.9022
2/13/2018,1.5,2.8294
2/12/2018,1.5,2.8585
2/9/2018,1.5,2.8512
2/8/2018,1.5,2.824
2/7/2018,1.5,2.8359
2/6/2018,1.5,2.8016
2/5/2018,1.5,2.7056
2/2/2018,1.5,2.8411
2/1/2018,1.5,2.7896
1/31/2018,1.5,2.705
1/30/2018,1.5,2.7199
1/29/2018,1.5,2.6936
1/26/2018,1.5,2.6599
1/25/2018,1.5,2.617
1/24/2018,1.5,2.6465
1/23/2018,1.5,2.6131
1/22/2018,1.5,2.65
1/19/2018,1.5,2.6592
1/18/2018,1.5,2.6256
1/17/2018,1.5,2.5904
1/16/2018,1.5,2.5371
1/15/2018,1.5,2.5462
1/12/2018,1.5,2.5462
1/11/2018,1.5,2.5367
1/10/2018,1.5,2.5568
1/9/2018,1.5,2.553
1/8/2018,1.5,2.48
1/5/2018,1.5,2.4763
1/4/2018,1.5,2.4525
1/3/2018,1.5,2.4471
1/2/2018,1.5,2.4633
1/1/2018,1.5,2.4054
